unit,group,outcome,treatment,denominator,banned_state,year,month,time,start_date,end_date,placebo_date
AK,total,3531,0,300066.0,0,2016,1,2016-01-01,2016-01-01,2016-02-29,2018-03-01
AK,total,3735,0,300066.0,0,2016,3,2016-03-01,2016-03-01,2016-04-30,2018-03-01
AK,total,3823,0,300066.0,0,2016,5,2016-05-01,2016-05-01,2016-06-30,2018-03-01
AK,total,3782,0,300066.0,0,2016,7,2016-07-01,2016-07-01,2016-08-31,2018-03-01
AK,total,3774,0,300066.0,0,2016,9,2016-09-01,2016-09-01,2016-10-31,2018-03-01
AK,total,3549,0,300066.0,0,2016,11,2016-11-01,2016-11-01,2016-12-31,2018-03-01
AK,total,3121,0,298346.0,0,2017,1,2017-01-01,2017-01-01,2017-02-28,2018-03-01
AK,total,3503,0,298346.0,0,2017,3,2017-03-01,2017-03-01,2017-04-30,2018-03-01
AK,total,3554,0,298346.0,0,2017,5,2017-05-01,2017-05-01,2017-06-30,2018-03-01
AK,total,3630,0,298346.0,0,2017,7,2017-07-01,2017-07-01,2017-08-31,2018-03-01
AK,total,3566,0,298346.0,0,2017,9,2017-09-01,2017-09-01,2017-10-31,2018-03-01
AK,total,3291,0,298346.0,0,2017,11,2017-11-01,2017-11-01,2017-12-31,2018-03-01
AK,total,3146,0,296672.0,0,2018,1,2018-01-01,2018-01-01,2018-02-28,2018-03-01
AK,total,3445,0,296672.0,0,2018,3,2018-03-01,2018-03-01,2018-04-30,2018-03-01
AK,total,3467,0,296672.0,0,2018,5,2018-05-01,2018-05-01,2018-06-30,2018-03-01
AK,total,3469,0,296672.0,0,2018,7,2018-07-01,2018-07-01,2018-08-31,2018-03-01
AK,total,3315,0,296672.0,0,2018,9,2018-09-01,2018-09-01,2018-10-31,2018-03-01
AK,total,3157,0,296672.0,0,2018,11,2018-11-01,2018-11-01,2018-12-31,2018-03-01
AK,total,3012,0,284728.0,0,2019,1,2019-01-01,2019-01-01,2019-02-28,2018-03-01
AL,total,19013,0,1904452.0,1,2016,1,2016-01-01,2016-01-01,2016-02-29,2018-03-01
AL,total,18663,0,1904452.0,1,2016,3,2016-03-01,2016-03-01,2016-04-30,2018-03-01
AL,total,19655,0,1904452.0,1,2016,5,2016-05-01,2016-05-01,2016-06-30,2018-03-01
AL,total,20704,0,1904452.0,1,2016,7,2016-07-01,2016-07-01,2016-08-31,2018-03-01
AL,total,20405,0,1904452.0,1,2016,9,2016-09-01,2016-09-01,2016-10-31,2018-03-01
AL,total,19664,0,1904452.0,1,2016,11,2016-11-01,2016-11-01,2016-12-31,2018-03-01
AL,total,18837,0,1912072.0,1,2017,1,2017-01-01,2017-01-01,2017-02-28,2018-03-01
AL,total,18340,0,1912072.0,1,2017,3,2017-03-01,2017-03-01,2017-04-30,2018-03-01
AL,total,19133,0,1912072.0,1,2017,5,2017-05-01,2017-05-01,2017-06-30,2018-03-01
AL,total,21143,0,1912072.0,1,2017,7,2017-07-01,2017-07-01,2017-08-31,2018-03-01
AL,total,20502,0,1912072.0,1,2017,9,2017-09-01,2017-09-01,2017-10-31,2018-03-01
AL,total,19698,0,1912072.0,1,2017,11,2017-11-01,2017-11-01,2017-12-31,2018-03-01
AL,total,18441,0,1905472.0,1,2018,1,2018-01-01,2018-01-01,2018-02-28,2018-03-01
AL,total,18243,1,1905472.0,1,2018,3,2018-03-01,2018-03-01,2018-04-30,2018-03-01
AL,total,19080,1,1905472.0,1,2018,5,2018-05-01,2018-05-01,2018-06-30,2018-03-01
AL,total,20390,1,1905472.0,1,2018,7,2018-07-01,2018-07-01,2018-08-31,2018-03-01
AL,total,19604,1,1905472.0,1,2018,9,2018-09-01,2018-09-01,2018-10-31,2018-03-01
AL,total,19524,1,1905472.0,1,2018,11,2018-11-01,2018-11-01,2018-12-31,2018-03-01
AL,total,18818,1,1910940.0,1,2019,1,2019-01-01,2019-01-01,2019-02-28,2018-03-01
AR,total,12063,0,1153138.0,1,2016,1,2016-01-01,2016-01-01,2016-02-29,2018-03-01
AR,total,12239,0,1153138.0,1,2016,3,2016-03-01,2016-03-01,2016-04-30,2018-03-01
AR,total,12474,0,1153138.0,1,2016,5,2016-05-01,2016-05-01,2016-06-30,2018-03-01
AR,total,13783,0,1153138.0,1,2016,7,2016-07-01,2016-07-01,2016-08-31,2018-03-01
AR,total,12844,0,1153138.0,1,2016,9,2016-09-01,2016-09-01,2016-10-31,2018-03-01
AR,total,12655,0,1153138.0,1,2016,11,2016-11-01,2016-11-01,2016-12-31,2018-03-01
AR,total,11821,0,1153784.0,1,2017,1,2017-01-01,2017-01-01,2017-02-28,2018-03-01
AR,total,11576,0,1153784.0,1,2017,3,2017-03-01,2017-03-01,2017-04-30,2018-03-01
AR,total,12160,0,1153784.0,1,2017,5,2017-05-01,2017-05-01,2017-06-30,2018-03-01
AR,total,13769,0,1153784.0,1,2017,7,2017-07-01,2017-07-01,2017-08-31,2018-03-01
AR,total,12707,0,1153784.0,1,2017,9,2017-09-01,2017-09-01,2017-10-31,2018-03-01
AR,total,12479,0,1153784.0,1,2017,11,2017-11-01,2017-11-01,2017-12-31,2018-03-01
AR,total,11720,0,1169472.0,1,2018,1,2018-01-01,2018-01-01,2018-02-28,2018-03-01
AR,total,11697,1,1169472.0,1,2018,3,2018-03-01,2018-03-01,2018-04-30,2018-03-01
AR,total,12213,1,1169472.0,1,2018,5,2018-05-01,2018-05-01,2018-06-30,2018-03-01
AR,total,13107,1,1169472.0,1,2018,7,2018-07-01,2018-07-01,2018-08-31,2018-03-01
AR,total,12562,1,1169472.0,1,2018,9,2018-09-01,2018-09-01,2018-10-31,2018-03-01
AR,total,11963,1,1169472.0,1,2018,11,2018-11-01,2018-11-01,2018-12-31,2018-03-01
AR,total,11439,1,1165876.0,1,2019,1,2019-01-01,2019-01-01,2019-02-28,2018-03-01
AZ,total,27414,0,2663066.0,0,2016,1,2016-01-01,2016-01-01,2016-02-29,2018-03-01
AZ,total,26648,0,2663066.0,0,2016,3,2016-03-01,2016-03-01,2016-04-30,2018-03-01
AZ,total,26805,0,2663066.0,0,2016,5,2016-05-01,2016-05-01,2016-06-30,2018-03-01
AZ,total,29335,0,2663066.0,0,2016,7,2016-07-01,2016-07-01,2016-08-31,2018-03-01
AZ,total,29545,0,2663066.0,0,2016,9,2016-09-01,2016-09-01,2016-10-31,2018-03-01
AZ,total,27940,0,2663066.0,0,2016,11,2016-11-01,2016-11-01,2016-12-31,2018-03-01
AZ,total,26060,0,2693930.0,0,2017,1,2017-01-01,2017-01-01,2017-02-28,2018-03-01
AZ,total,26041,0,2693930.0,0,2017,3,2017-03-01,2017-03-01,2017-04-30,2018-03-01
AZ,total,26107,0,2693930.0,0,2017,5,2017-05-01,2017-05-01,2017-06-30,2018-03-01
AZ,total,28645,0,2693930.0,0,2017,7,2017-07-01,2017-07-01,2017-08-31,2018-03-01
AZ,total,28908,0,2693930.0,0,2017,9,2017-09-01,2017-09-01,2017-10-31,2018-03-01
AZ,total,26934,0,2693930.0,0,2017,11,2017-11-01,2017-11-01,2017-12-31,2018-03-01
AZ,total,25718,0,2744964.0,0,2018,1,2018-01-01,2018-01-01,2018-02-28,2018-03-01
AZ,total,25408,0,2744964.0,0,2018,3,2018-03-01,2018-03-01,2018-04-30,2018-03-01
AZ,total,25669,0,2744964.0,0,2018,5,2018-05-01,2018-05-01,2018-06-30,2018-03-01
AZ,total,28150,0,2744964.0,0,2018,7,2018-07-01,2018-07-01,2018-08-31,2018-03-01
AZ,total,28372,0,2744964.0,0,2018,9,2018-09-01,2018-09-01,2018-10-31,2018-03-01
AZ,total,27120,0,2744964.0,0,2018,11,2018-11-01,2018-11-01,2018-12-31,2018-03-01
AZ,total,25678,0,2790624.0,0,2019,1,2019-01-01,2019-01-01,2019-02-28,2018-03-01
CA,total,151456,0,16123274.0,0,2016,1,2016-01-01,2016-01-01,2016-02-29,2018-03-01
CA,total,156041,0,16123274.0,0,2016,3,2016-03-01,2016-03-01,2016-04-30,2018-03-01
CA,total,155530,0,16123274.0,0,2016,5,2016-05-01,2016-05-01,2016-06-30,2018-03-01
CA,total,168876,0,16123274.0,0,2016,7,2016-07-01,2016-07-01,2016-08-31,2018-03-01
CA,total,169599,0,16123274.0,0,2016,9,2016-09-01,2016-09-01,2016-10-31,2018-03-01
CA,total,157276,0,16123274.0,0,2016,11,2016-11-01,2016-11-01,2016-12-31,2018-03-01
CA,total,147646,0,16226624.0,0,2017,1,2017-01-01,2017-01-01,2017-02-28,2018-03-01
CA,total,148952,0,16226624.0,0,2017,3,2017-03-01,2017-03-01,2017-04-30,2018-03-01
CA,total,153930,0,16226624.0,0,2017,5,2017-05-01,2017-05-01,2017-06-30,2018-03-01
CA,total,162339,0,16226624.0,0,2017,7,2017-07-01,2017-07-01,2017-08-31,2018-03-01
CA,total,160824,0,16226624.0,0,2017,9,2017-09-01,2017-09-01,2017-10-31,2018-03-01
CA,total,151569,0,16226624.0,0,2017,11,2017-11-01,2017-11-01,2017-12-31,2018-03-01
CA,total,142261,0,16194670.0,0,2018,1,2018-01-01,2018-01-01,2018-02-28,2018-03-01
CA,total,143639,0,16194670.0,0,2018,3,2018-03-01,2018-03-01,2018-04-30,2018-03-01
CA,total,144721,0,16194670.0,0,2018,5,2018-05-01,2018-05-01,2018-06-30,2018-03-01
CA,total,157889,0,16194670.0,0,2018,7,2018-07-01,2018-07-01,2018-08-31,2018-03-01
CA,total,153565,0,16194670.0,0,2018,9,2018-09-01,2018-09-01,2018-10-31,2018-03-01
CA,total,148009,0,16194670.0,0,2018,11,2018-11-01,2018-11-01,2018-12-31,2018-03-01
CA,total,139162,0,16141064.0,0,2019,1,2019-01-01,2019-01-01,2019-02-28,2018-03-01
CO,total,20423,0,2244262.0,0,2016,1,2016-01-01,2016-01-01,2016-02-29,2018-03-01
CO,total,21816,0,2244262.0,0,2016,3,2016-03-01,2016-03-01,2016-04-30,2018-03-01
CO,total,22605,0,2244262.0,0,2016,5,2016-05-01,2016-05-01,2016-06-30,2018-03-01
CO,total,23472,0,2244262.0,0,2016,7,2016-07-01,2016-07-01,2016-08-31,2018-03-01
CO,total,22587,0,2244262.0,0,2016,9,2016-09-01,2016-09-01,2016-10-31,2018-03-01
CO,total,20986,0,2244262.0,0,2016,11,2016-11-01,2016-11-01,2016-12-31,2018-03-01
CO,total,19014,0,2290782.0,0,2017,1,2017-01-01,2017-01-01,2017-02-28,2018-03-01
CO,total,21010,0,2290782.0,0,2017,3,2017-03-01,2017-03-01,2017-04-30,2018-03-01
CO,total,22183,0,2290782.0,0,2017,5,2017-05-01,2017-05-01,2017-06-30,2018-03-01
CO,total,22572,0,2290782.0,0,2017,7,2017-07-01,2017-07-01,2017-08-31,2018-03-01
CO,total,21947,0,2290782.0,0,2017,9,2017-09-01,2017-09-01,2017-10-31,2018-03-01
CO,total,20535,0,2290782.0,0,2017,11,2017-11-01,2017-11-01,2017-12-31,2018-03-01
CO,total,19727,0,2328386.0,0,2018,1,2018-01-01,2018-01-01,2018-02-28,2018-03-01
CO,total,20460,0,2328386.0,0,2018,3,2018-03-01,2018-03-01,2018-04-30,2018-03-01
CO,total,20894,0,2328386.0,0,2018,5,2018-05-01,2018-05-01,2018-06-30,2018-03-01
CO,total,22058,0,2328386.0,0,2018,7,2018-07-01,2018-07-01,2018-08-31,2018-03-01
CO,total,21203,0,2328386.0,0,2018,9,2018-09-01,2018-09-01,2018-10-31,2018-03-01
CO,total,19865,0,2328386.0,0,2018,11,2018-11-01,2018-11-01,2018-12-31,2018-03-01
CO,total,19280,0,2361854.0,0,2019,1,2019-01-01,2019-01-01,2019-02-28,2018-03-01
CT,total,10964,0,1346172.0,0,2016,1,2016-01-01,2016-01-01,2016-02-29,2018-03-01
CT,total,12017,0,1346172.0,0,2016,3,2016-03-01,2016-03-01,2016-04-30,2018-03-01
CT,total,12407,0,1346172.0,0,2016,5,2016-05-01,2016-05-01,2016-06-30,2018-03-01
CT,total,12748,0,1346172.0,0,2016,7,2016-07-01,2016-07-01,2016-08-31,2018-03-01
CT,total,12035,0,1346172.0,0,2016,9,2016-09-01,2016-09-01,2016-10-31,2018-03-01
CT,total,11405,0,1346172.0,0,2016,11,2016-11-01,2016-11-01,2016-12-31,2018-03-01
CT,total,10628,0,1345954.0,0,2017,1,2017-01-01,2017-01-01,2017-02-28,2018-03-01
CT,total,11692,0,1345954.0,0,2017,3,2017-03-01,2017-03-01,2017-04-30,2018-03-01
CT,total,12066,0,1345954.0,0,2017,5,2017-05-01,2017-05-01,2017-06-30,2018-03-01
CT,total,12411,0,1345954.0,0,2017,7,2017-07-01,2017-07-01,2017-08-31,2018-03-01
CT,total,12112,0,1345954.0,0,2017,9,2017-09-01,2017-09-01,2017-10-31,2018-03-01
CT,total,11148,0,1345954.0,0,2017,11,2017-11-01,2017-11-01,2017-12-31,2018-03-01
CT,total,10526,0,1336612.0,0,2018,1,2018-01-01,2018-01-01,2018-02-28,2018-03-01
CT,total,11350,0,1336612.0,0,2018,3,2018-03-01,2018-03-01,2018-04-30,2018-03-01
CT,total,11995,0,1336612.0,0,2018,5,2018-05-01,2018-05-01,2018-06-30,2018-03-01
CT,total,12109,0,1336612.0,0,2018,7,2018-07-01,2018-07-01,2018-08-31,2018-03-01
CT,total,11970,0,1336612.0,0,2018,9,2018-09-01,2018-09-01,2018-10-31,2018-03-01
CT,total,11192,0,1336612.0,0,2018,11,2018-11-01,2018-11-01,2018-12-31,2018-03-01
CT,total,10708,0,1338322.0,0,2019,1,2019-01-01,2019-01-01,2019-02-28,2018-03-01
DC,total,3052,0,365944.0,0,2016,1,2016-01-01,2016-01-01,2016-02-29,2018-03-01
DC,total,3096,0,365944.0,0,2016,3,2016-03-01,2016-03-01,2016-04-30,2018-03-01
DC,total,3376,0,365944.0,0,2016,5,2016-05-01,2016-05-01,2016-06-30,2018-03-01
DC,total,3518,0,365944.0,0,2016,7,2016-07-01,2016-07-01,2016-08-31,2018-03-01
DC,total,3341,0,365944.0,0,2016,9,2016-09-01,2016-09-01,2016-10-31,2018-03-01
DC,total,3114,0,365944.0,0,2016,11,2016-11-01,2016-11-01,2016-12-31,2018-03-01
DC,total,2929,0,375674.0,0,2017,1,2017-01-01,2017-01-01,2017-02-28,2018-03-01
DC,total,3012,0,375674.0,0,2017,3,2017-03-01,2017-03-01,2017-04-30,2018-03-01
DC,total,3252,0,375674.0,0,2017,5,2017-05-01,2017-05-01,2017-06-30,2018-03-01
DC,total,3448,0,375674.0,0,2017,7,2017-07-01,2017-07-01,2017-08-31,2018-03-01
DC,total,3202,0,375674.0,0,2017,9,2017-09-01,2017-09-01,2017-10-31,2018-03-01
DC,total,3054,0,375674.0,0,2017,11,2017-11-01,2017-11-01,2017-12-31,2018-03-01
DC,total,2882,0,379570.0,0,2018,1,2018-01-01,2018-01-01,2018-02-28,2018-03-01
DC,total,2904,0,379570.0,0,2018,3,2018-03-01,2018-03-01,2018-04-30,2018-03-01
DC,total,3140,0,379570.0,0,2018,5,2018-05-01,2018-05-01,2018-06-30,2018-03-01
DC,total,3232,0,379570.0,0,2018,7,2018-07-01,2018-07-01,2018-08-31,2018-03-01
DC,total,3127,0,379570.0,0,2018,9,2018-09-01,2018-09-01,2018-10-31,2018-03-01
DC,total,2966,0,379570.0,0,2018,11,2018-11-01,2018-11-01,2018-12-31,2018-03-01
DC,total,2798,0,379946.0,0,2019,1,2019-01-01,2019-01-01,2019-02-28,2018-03-01
DE,total,3423,0,360690.0,0,2016,1,2016-01-01,2016-01-01,2016-02-29,2018-03-01
DE,total,3740,0,360690.0,0,2016,3,2016-03-01,2016-03-01,2016-04-30,2018-03-01
DE,total,3781,0,360690.0,0,2016,5,2016-05-01,2016-05-01,2016-06-30,2018-03-01
DE,total,3735,0,360690.0,0,2016,7,2016-07-01,2016-07-01,2016-08-31,2018-03-01
DE,total,3697,0,360690.0,0,2016,9,2016-09-01,2016-09-01,2016-10-31,2018-03-01
DE,total,3419,0,360690.0,0,2016,11,2016-11-01,2016-11-01,2016-12-31,2018-03-01
DE,total,3352,0,363212.0,0,2017,1,2017-01-01,2017-01-01,2017-02-28,2018-03-01
DE,total,3520,0,363212.0,0,2017,3,2017-03-01,2017-03-01,2017-04-30,2018-03-01
DE,total,3770,0,363212.0,0,2017,5,2017-05-01,2017-05-01,2017-06-30,2018-03-01
DE,total,3756,0,363212.0,0,2017,7,2017-07-01,2017-07-01,2017-08-31,2018-03-01
DE,total,3783,0,363212.0,0,2017,9,2017-09-01,2017-09-01,2017-10-31,2018-03-01
DE,total,3395,0,363212.0,0,2017,11,2017-11-01,2017-11-01,2017-12-31,2018-03-01
DE,total,3306,0,357036.0,0,2018,1,2018-01-01,2018-01-01,2018-02-28,2018-03-01
DE,total,3541,0,357036.0,0,2018,3,2018-03-01,2018-03-01,2018-04-30,2018-03-01
DE,total,3608,0,357036.0,0,2018,5,2018-05-01,2018-05-01,2018-06-30,2018-03-01
DE,total,3644,0,357036.0,0,2018,7,2018-07-01,2018-07-01,2018-08-31,2018-03-01
DE,total,3539,0,357036.0,0,2018,9,2018-09-01,2018-09-01,2018-10-31,2018-03-01
DE,total,3508,0,357036.0,0,2018,11,2018-11-01,2018-11-01,2018-12-31,2018-03-01
DE,total,3189,0,360798.0,0,2019,1,2019-01-01,2019-01-01,2019-02-28,2018-03-01
FL,total,71883,0,7556340.0,0,2016,1,2016-01-01,2016-01-01,2016-02-29,2018-03-01
FL,total,71687,0,7556340.0,0,2016,3,2016-03-01,2016-03-01,2016-04-30,2018-03-01
FL,total,72068,0,7556340.0,0,2016,5,2016-05-01,2016-05-01,2016-06-30,2018-03-01
FL,total,77740,0,7556340.0,0,2016,7,2016-07-01,2016-07-01,2016-08-31,2018-03-01
FL,total,77179,0,7556340.0,0,2016,9,2016-09-01,2016-09-01,2016-10-31,2018-03-01
FL,total,76336,0,7556340.0,0,2016,11,2016-11-01,2016-11-01,2016-12-31,2018-03-01
FL,total,70761,0,7667454.0,0,2017,1,2017-01-01,2017-01-01,2017-02-28,2018-03-01
FL,total,69843,0,7667454.0,0,2017,3,2017-03-01,2017-03-01,2017-04-30,2018-03-01
FL,total,70786,0,7667454.0,0,2017,5,2017-05-01,2017-05-01,2017-06-30,2018-03-01
FL,total,78347,0,7667454.0,0,2017,7,2017-07-01,2017-07-01,2017-08-31,2018-03-01
FL,total,77601,0,7667454.0,0,2017,9,2017-09-01,2017-09-01,2017-10-31,2018-03-01
FL,total,76865,0,7667454.0,0,2017,11,2017-11-01,2017-11-01,2017-12-31,2018-03-01
FL,total,70897,0,7748774.0,0,2018,1,2018-01-01,2018-01-01,2018-02-28,2018-03-01
FL,total,70358,0,7748774.0,0,2018,3,2018-03-01,2018-03-01,2018-04-30,2018-03-01
FL,total,70411,0,7748774.0,0,2018,5,2018-05-01,2018-05-01,2018-06-30,2018-03-01
FL,total,76386,0,7748774.0,0,2018,7,2018-07-01,2018-07-01,2018-08-31,2018-03-01
FL,total,77299,0,7748774.0,0,2018,9,2018-09-01,2018-09-01,2018-10-31,2018-03-01
FL,total,75117,0,7748774.0,0,2018,11,2018-11-01,2018-11-01,2018-12-31,2018-03-01
FL,total,70778,0,7775514.0,0,2019,1,2019-01-01,2019-01-01,2019-02-28,2018-03-01
GA,total,41813,0,4286450.0,1,2016,1,2016-01-01,2016-01-01,2016-02-29,2018-03-01
GA,total,41358,0,4286450.0,1,2016,3,2016-03-01,2016-03-01,2016-04-30,2018-03-01
GA,total,42394,0,4286450.0,1,2016,5,2016-05-01,2016-05-01,2016-06-30,2018-03-01
GA,total,45086,0,4286450.0,1,2016,7,2016-07-01,2016-07-01,2016-08-31,2018-03-01
GA,total,43804,0,4286450.0,1,2016,9,2016-09-01,2016-09-01,2016-10-31,2018-03-01
GA,total,43503,0,4286450.0,1,2016,11,2016-11-01,2016-11-01,2016-12-31,2018-03-01
GA,total,41009,0,4295108.0,1,2017,1,2017-01-01,2017-01-01,2017-02-28,2018-03-01
GA,total,40429,0,4295108.0,1,2017,3,2017-03-01,2017-03-01,2017-04-30,2018-03-01
GA,total,42252,0,4295108.0,1,2017,5,2017-05-01,2017-05-01,2017-06-30,2018-03-01
GA,total,46275,0,4295108.0,1,2017,7,2017-07-01,2017-07-01,2017-08-31,2018-03-01
GA,total,43873,0,4295108.0,1,2017,9,2017-09-01,2017-09-01,2017-10-31,2018-03-01
GA,total,42686,0,4295108.0,1,2017,11,2017-11-01,2017-11-01,2017-12-31,2018-03-01
GA,total,40180,0,4370688.0,1,2018,1,2018-01-01,2018-01-01,2018-02-28,2018-03-01
GA,total,40055,1,4370688.0,1,2018,3,2018-03-01,2018-03-01,2018-04-30,2018-03-01
GA,total,41480,1,4370688.0,1,2018,5,2018-05-01,2018-05-01,2018-06-30,2018-03-01
GA,total,44622,1,4370688.0,1,2018,7,2018-07-01,2018-07-01,2018-08-31,2018-03-01
GA,total,42596,1,4370688.0,1,2018,9,2018-09-01,2018-09-01,2018-10-31,2018-03-01
GA,total,41730,1,4370688.0,1,2018,11,2018-11-01,2018-11-01,2018-12-31,2018-03-01
GA,total,40356,1,4341448.0,1,2019,1,2019-01-01,2019-01-01,2019-02-28,2018-03-01
HI,total,5919,0,534506.0,0,2016,1,2016-01-01,2016-01-01,2016-02-29,2018-03-01
HI,total,5900,0,534506.0,0,2016,3,2016-03-01,2016-03-01,2016-04-30,2018-03-01
HI,total,5858,0,534506.0,0,2016,5,2016-05-01,2016-05-01,2016-06-30,2018-03-01
HI,total,6174,0,534506.0,0,2016,7,2016-07-01,2016-07-01,2016-08-31,2018-03-01
HI,total,6241,0,534506.0,0,2016,9,2016-09-01,2016-09-01,2016-10-31,2018-03-01
HI,total,5735,0,534506.0,0,2016,11,2016-11-01,2016-11-01,2016-12-31,2018-03-01
HI,total,5732,0,529906.0,0,2017,1,2017-01-01,2017-01-01,2017-02-28,2018-03-01
HI,total,5802,0,529906.0,0,2017,3,2017-03-01,2017-03-01,2017-04-30,2018-03-01
HI,total,5530,0,529906.0,0,2017,5,2017-05-01,2017-05-01,2017-06-30,2018-03-01
HI,total,5977,0,529906.0,0,2017,7,2017-07-01,2017-07-01,2017-08-31,2018-03-01
HI,total,6020,0,529906.0,0,2017,9,2017-09-01,2017-09-01,2017-10-31,2018-03-01
HI,total,5678,0,529906.0,0,2017,11,2017-11-01,2017-11-01,2017-12-31,2018-03-01
HI,total,5323,0,528954.0,0,2018,1,2018-01-01,2018-01-01,2018-02-28,2018-03-01
HI,total,5585,0,528954.0,0,2018,3,2018-03-01,2018-03-01,2018-04-30,2018-03-01
HI,total,5708,0,528954.0,0,2018,5,2018-05-01,2018-05-01,2018-06-30,2018-03-01
HI,total,5627,0,528954.0,0,2018,7,2018-07-01,2018-07-01,2018-08-31,2018-03-01
HI,total,5825,0,528954.0,0,2018,9,2018-09-01,2018-09-01,2018-10-31,2018-03-01
HI,total,5597,0,528954.0,0,2018,11,2018-11-01,2018-11-01,2018-12-31,2018-03-01
HI,total,5397,0,520220.0,0,2019,1,2019-01-01,2019-01-01,2019-02-28,2018-03-01
IA,total,12049,0,1199194.0,0,2016,1,2016-01-01,2016-01-01,2016-02-29,2018-03-01
IA,total,13145,0,1199194.0,0,2016,3,2016-03-01,2016-03-01,2016-04-30,2018-03-01
IA,total,13386,0,1199194.0,0,2016,5,2016-05-01,2016-05-01,2016-06-30,2018-03-01
IA,total,13864,0,1199194.0,0,2016,7,2016-07-01,2016-07-01,2016-08-31,2018-03-01
IA,total,13334,0,1199194.0,0,2016,9,2016-09-01,2016-09-01,2016-10-31,2018-03-01
IA,total,12845,0,1199194.0,0,2016,11,2016-11-01,2016-11-01,2016-12-31,2018-03-01
IA,total,11908,0,1180578.0,0,2017,1,2017-01-01,2017-01-01,2017-02-28,2018-03-01
IA,total,12568,0,1180578.0,0,2017,3,2017-03-01,2017-03-01,2017-04-30,2018-03-01
IA,total,12995,0,1180578.0,0,2017,5,2017-05-01,2017-05-01,2017-06-30,2018-03-01
IA,total,13944,0,1180578.0,0,2017,7,2017-07-01,2017-07-01,2017-08-31,2018-03-01
IA,total,12950,0,1180578.0,0,2017,9,2017-09-01,2017-09-01,2017-10-31,2018-03-01
IA,total,12361,0,1180578.0,0,2017,11,2017-11-01,2017-11-01,2017-12-31,2018-03-01
IA,total,11937,0,1193102.0,0,2018,1,2018-01-01,2018-01-01,2018-02-28,2018-03-01
IA,total,12464,0,1193102.0,0,2018,3,2018-03-01,2018-03-01,2018-04-30,2018-03-01
IA,total,12897,0,1193102.0,0,2018,5,2018-05-01,2018-05-01,2018-06-30,2018-03-01
IA,total,13343,0,1193102.0,0,2018,7,2018-07-01,2018-07-01,2018-08-31,2018-03-01
IA,total,12730,0,1193102.0,0,2018,9,2018-09-01,2018-09-01,2018-10-31,2018-03-01
IA,total,12064,0,1193102.0,0,2018,11,2018-11-01,2018-11-01,2018-12-31,2018-03-01
IA,total,11838,0,1195494.0,0,2019,1,2019-01-01,2019-01-01,2019-02-28,2018-03-01
ID,total,6823,0,646700.0,1,2016,1,2016-01-01,2016-01-01,2016-02-29,2018-03-01
ID,total,7603,0,646700.0,1,2016,3,2016-03-01,2016-03-01,2016-04-30,2018-03-01
ID,total,7597,0,646700.0,1,2016,5,2016-05-01,2016-05-01,2016-06-30,2018-03-01
ID,total,7767,0,646700.0,1,2016,7,2016-07-01,2016-07-01,2016-08-31,2018-03-01
ID,total,7881,0,646700.0,1,2016,9,2016-09-01,2016-09-01,2016-10-31,2018-03-01
ID,total,6995,0,646700.0,1,2016,11,2016-11-01,2016-11-01,2016-12-31,2018-03-01
ID,total,6883,0,654182.0,1,2017,1,2017-01-01,2017-01-01,2017-02-28,2018-03-01
ID,total,7303,0,654182.0,1,2017,3,2017-03-01,2017-03-01,2017-04-30,2018-03-01
ID,total,7818,0,654182.0,1,2017,5,2017-05-01,2017-05-01,2017-06-30,2018-03-01
ID,total,7805,0,654182.0,1,2017,7,2017-07-01,2017-07-01,2017-08-31,2018-03-01
ID,total,7522,0,654182.0,1,2017,9,2017-09-01,2017-09-01,2017-10-31,2018-03-01
ID,total,6728,0,654182.0,1,2017,11,2017-11-01,2017-11-01,2017-12-31,2018-03-01
ID,total,6496,0,680948.0,1,2018,1,2018-01-01,2018-01-01,2018-02-28,2018-03-01
ID,total,7083,1,680948.0,1,2018,3,2018-03-01,2018-03-01,2018-04-30,2018-03-01
ID,total,7374,1,680948.0,1,2018,5,2018-05-01,2018-05-01,2018-06-30,2018-03-01
ID,total,7524,1,680948.0,1,2018,7,2018-07-01,2018-07-01,2018-08-31,2018-03-01
ID,total,7276,1,680948.0,1,2018,9,2018-09-01,2018-09-01,2018-10-31,2018-03-01
ID,total,6761,1,680948.0,1,2018,11,2018-11-01,2018-11-01,2018-12-31,2018-03-01
ID,total,6679,1,689710.0,1,2019,1,2019-01-01,2019-01-01,2019-02-28,2018-03-01
IL,total,47865,0,5125966.0,0,2016,1,2016-01-01,2016-01-01,2016-02-29,2018-03-01
IL,total,50470,0,5125966.0,0,2016,3,2016-03-01,2016-03-01,2016-04-30,2018-03-01
IL,total,52331,0,5125966.0,0,2016,5,2016-05-01,2016-05-01,2016-06-30,2018-03-01
IL,total,55462,0,5125966.0,0,2016,7,2016-07-01,2016-07-01,2016-08-31,2018-03-01
IL,total,51340,0,5125966.0,0,2016,9,2016-09-01,2016-09-01,2016-10-31,2018-03-01
IL,total,48384,0,5125966.0,0,2016,11,2016-11-01,2016-11-01,2016-12-31,2018-03-01
IL,total,46067,0,5074030.0,0,2017,1,2017-01-01,2017-01-01,2017-02-28,2018-03-01
IL,total,48067,0,5074030.0,0,2017,3,2017-03-01,2017-03-01,2017-04-30,2018-03-01
IL,total,50601,0,5074030.0,0,2017,5,2017-05-01,2017-05-01,2017-06-30,2018-03-01
IL,total,53163,0,5074030.0,0,2017,7,2017-07-01,2017-07-01,2017-08-31,2018-03-01
IL,total,50673,0,5074030.0,0,2017,9,2017-09-01,2017-09-01,2017-10-31,2018-03-01
IL,total,47482,0,5074030.0,0,2017,11,2017-11-01,2017-11-01,2017-12-31,2018-03-01
IL,total,45285,0,5026018.0,0,2018,1,2018-01-01,2018-01-01,2018-02-28,2018-03-01
IL,total,47731,0,5026018.0,0,2018,3,2018-03-01,2018-03-01,2018-04-30,2018-03-01
IL,total,49141,0,5026018.0,0,2018,5,2018-05-01,2018-05-01,2018-06-30,2018-03-01
IL,total,51367,0,5026018.0,0,2018,7,2018-07-01,2018-07-01,2018-08-31,2018-03-01
IL,total,48549,0,5026018.0,0,2018,9,2018-09-01,2018-09-01,2018-10-31,2018-03-01
IL,total,45393,0,5026018.0,0,2018,11,2018-11-01,2018-11-01,2018-12-31,2018-03-01
IL,total,43351,0,5027504.0,0,2019,1,2019-01-01,2019-01-01,2019-02-28,2018-03-01
IN,total,25660,0,2579320.0,0,2016,1,2016-01-01,2016-01-01,2016-02-29,2018-03-01
IN,total,26930,0,2579320.0,0,2016,3,2016-03-01,2016-03-01,2016-04-30,2018-03-01
IN,total,27873,0,2579320.0,0,2016,5,2016-05-01,2016-05-01,2016-06-30,2018-03-01
IN,total,29466,0,2579320.0,0,2016,7,2016-07-01,2016-07-01,2016-08-31,2018-03-01
IN,total,28126,0,2579320.0,0,2016,9,2016-09-01,2016-09-01,2016-10-31,2018-03-01
IN,total,27171,0,2579320.0,0,2016,11,2016-11-01,2016-11-01,2016-12-31,2018-03-01
IN,total,25266,0,2608342.0,0,2017,1,2017-01-01,2017-01-01,2017-02-28,2018-03-01
IN,total,26600,0,2608342.0,0,2017,3,2017-03-01,2017-03-01,2017-04-30,2018-03-01
IN,total,26975,0,2608342.0,0,2017,5,2017-05-01,2017-05-01,2017-06-30,2018-03-01
IN,total,29460,0,2608342.0,0,2017,7,2017-07-01,2017-07-01,2017-08-31,2018-03-01
IN,total,28363,0,2608342.0,0,2017,9,2017-09-01,2017-09-01,2017-10-31,2018-03-01
IN,total,26824,0,2608342.0,0,2017,11,2017-11-01,2017-11-01,2017-12-31,2018-03-01
IN,total,25580,0,2588294.0,0,2018,1,2018-01-01,2018-01-01,2018-02-28,2018-03-01
IN,total,26774,0,2588294.0,0,2018,3,2018-03-01,2018-03-01,2018-04-30,2018-03-01
IN,total,27251,0,2588294.0,0,2018,5,2018-05-01,2018-05-01,2018-06-30,2018-03-01
IN,total,28778,0,2588294.0,0,2018,7,2018-07-01,2018-07-01,2018-08-31,2018-03-01
IN,total,27816,0,2588294.0,0,2018,9,2018-09-01,2018-09-01,2018-10-31,2018-03-01
IN,total,26231,0,2588294.0,0,2018,11,2018-11-01,2018-11-01,2018-12-31,2018-03-01
IN,total,25243,0,2617924.0,0,2019,1,2019-01-01,2019-01-01,2019-02-28,2018-03-01
KS,total,11878,0,1123322.0,0,2016,1,2016-01-01,2016-01-01,2016-02-29,2018-03-01
KS,total,12430,0,1123322.0,0,2016,3,2016-03-01,2016-03-01,2016-04-30,2018-03-01
KS,total,12769,0,1123322.0,0,2016,5,2016-05-01,2016-05-01,2016-06-30,2018-03-01
KS,total,13483,0,1123322.0,0,2016,7,2016-07-01,2016-07-01,2016-08-31,2018-03-01
KS,total,12861,0,1123322.0,0,2016,9,2016-09-01,2016-09-01,2016-10-31,2018-03-01
KS,total,12429,0,1123322.0,0,2016,11,2016-11-01,2016-11-01,2016-12-31,2018-03-01
KS,total,11171,0,1118920.0,0,2017,1,2017-01-01,2017-01-01,2017-02-28,2018-03-01
KS,total,11871,0,1118920.0,0,2017,3,2017-03-01,2017-03-01,2017-04-30,2018-03-01
KS,total,12372,0,1118920.0,0,2017,5,2017-05-01,2017-05-01,2017-06-30,2018-03-01
KS,total,13271,0,1118920.0,0,2017,7,2017-07-01,2017-07-01,2017-08-31,2018-03-01
KS,total,12396,0,1118920.0,0,2017,9,2017-09-01,2017-09-01,2017-10-31,2018-03-01
KS,total,11701,0,1118920.0,0,2017,11,2017-11-01,2017-11-01,2017-12-31,2018-03-01
KS,total,11396,0,1118440.0,0,2018,1,2018-01-01,2018-01-01,2018-02-28,2018-03-01
KS,total,11693,0,1118440.0,0,2018,3,2018-03-01,2018-03-01,2018-04-30,2018-03-01
KS,total,12211,0,1118440.0,0,2018,5,2018-05-01,2018-05-01,2018-06-30,2018-03-01
KS,total,12750,0,1118440.0,0,2018,7,2018-07-01,2018-07-01,2018-08-31,2018-03-01
KS,total,12411,0,1118440.0,0,2018,9,2018-09-01,2018-09-01,2018-10-31,2018-03-01
KS,total,11775,0,1118440.0,0,2018,11,2018-11-01,2018-11-01,2018-12-31,2018-03-01
KS,total,11097,0,1132302.0,0,2019,1,2019-01-01,2019-01-01,2019-02-28,2018-03-01
KY,total,17334,0,1708224.0,1,2016,1,2016-01-01,2016-01-01,2016-02-29,2018-03-01
KY,total,17997,0,1708224.0,1,2016,3,2016-03-01,2016-03-01,2016-04-30,2018-03-01
KY,total,18463,0,1708224.0,1,2016,5,2016-05-01,2016-05-01,2016-06-30,2018-03-01
KY,total,19678,0,1708224.0,1,2016,7,2016-07-01,2016-07-01,2016-08-31,2018-03-01
KY,total,18969,0,1708224.0,1,2016,9,2016-09-01,2016-09-01,2016-10-31,2018-03-01
KY,total,17899,0,1708224.0,1,2016,11,2016-11-01,2016-11-01,2016-12-31,2018-03-01
KY,total,16627,0,1706094.0,1,2017,1,2017-01-01,2017-01-01,2017-02-28,2018-03-01
KY,total,17442,0,1706094.0,1,2017,3,2017-03-01,2017-03-01,2017-04-30,2018-03-01
KY,total,18100,0,1706094.0,1,2017,5,2017-05-01,2017-05-01,2017-06-30,2018-03-01
KY,total,19692,0,1706094.0,1,2017,7,2017-07-01,2017-07-01,2017-08-31,2018-03-01
KY,total,19253,0,1706094.0,1,2017,9,2017-09-01,2017-09-01,2017-10-31,2018-03-01
KY,total,17816,0,1706094.0,1,2017,11,2017-11-01,2017-11-01,2017-12-31,2018-03-01
KY,total,16961,0,1703562.0,1,2018,1,2018-01-01,2018-01-01,2018-02-28,2018-03-01
KY,total,17305,1,1703562.0,1,2018,3,2018-03-01,2018-03-01,2018-04-30,2018-03-01
KY,total,17768,1,1703562.0,1,2018,5,2018-05-01,2018-05-01,2018-06-30,2018-03-01
KY,total,19470,1,1703562.0,1,2018,7,2018-07-01,2018-07-01,2018-08-31,2018-03-01
KY,total,18171,1,1703562.0,1,2018,9,2018-09-01,2018-09-01,2018-10-31,2018-03-01
KY,total,17601,1,1703562.0,1,2018,11,2018-11-01,2018-11-01,2018-12-31,2018-03-01
KY,total,16637,1,1692564.0,1,2019,1,2019-01-01,2019-01-01,2019-02-28,2018-03-01
LA,total,20007,0,1888726.0,1,2016,1,2016-01-01,2016-01-01,2016-02-29,2018-03-01
LA,total,19801,0,1888726.0,1,2016,3,2016-03-01,2016-03-01,2016-04-30,2018-03-01
LA,total,20573,0,1888726.0,1,2016,5,2016-05-01,2016-05-01,2016-06-30,2018-03-01
LA,total,22451,0,1888726.0,1,2016,7,2016-07-01,2016-07-01,2016-08-31,2018-03-01
LA,total,21873,0,1888726.0,1,2016,9,2016-09-01,2016-09-01,2016-10-31,2018-03-01
LA,total,21235,0,1888726.0,1,2016,11,2016-11-01,2016-11-01,2016-12-31,2018-03-01
LA,total,19195,0,1885428.0,1,2017,1,2017-01-01,2017-01-01,2017-02-28,2018-03-01
LA,total,18955,0,1885428.0,1,2017,3,2017-03-01,2017-03-01,2017-04-30,2018-03-01
LA,total,19632,0,1885428.0,1,2017,5,2017-05-01,2017-05-01,2017-06-30,2018-03-01
LA,total,22207,0,1885428.0,1,2017,7,2017-07-01,2017-07-01,2017-08-31,2018-03-01
LA,total,21287,0,1885428.0,1,2017,9,2017-09-01,2017-09-01,2017-10-31,2018-03-01
LA,total,20451,0,1885428.0,1,2017,11,2017-11-01,2017-11-01,2017-12-31,2018-03-01
LA,total,19360,0,1852158.0,1,2018,1,2018-01-01,2018-01-01,2018-02-28,2018-03-01
LA,total,18482,1,1852158.0,1,2018,3,2018-03-01,2018-03-01,2018-04-30,2018-03-01
LA,total,19387,1,1852158.0,1,2018,5,2018-05-01,2018-05-01,2018-06-30,2018-03-01
LA,total,21500,1,1852158.0,1,2018,7,2018-07-01,2018-07-01,2018-08-31,2018-03-01
LA,total,20302,1,1852158.0,1,2018,9,2018-09-01,2018-09-01,2018-10-31,2018-03-01
LA,total,19914,1,1852158.0,1,2018,11,2018-11-01,2018-11-01,2018-12-31,2018-03-01
LA,total,19204,1,1850968.0,1,2019,1,2019-01-01,2019-01-01,2019-02-28,2018-03-01
MA,total,21517,0,2750252.0,0,2016,1,2016-01-01,2016-01-01,2016-02-29,2018-03-01
MA,total,23266,0,2750252.0,0,2016,3,2016-03-01,2016-03-01,2016-04-30,2018-03-01
MA,total,24331,0,2750252.0,0,2016,5,2016-05-01,2016-05-01,2016-06-30,2018-03-01
MA,total,25511,0,2750252.0,0,2016,7,2016-07-01,2016-07-01,2016-08-31,2018-03-01
MA,total,24021,0,2750252.0,0,2016,9,2016-09-01,2016-09-01,2016-10-31,2018-03-01
MA,total,22183,0,2750252.0,0,2016,11,2016-11-01,2016-11-01,2016-12-31,2018-03-01
MA,total,21255,0,2775018.0,0,2017,1,2017-01-01,2017-01-01,2017-02-28,2018-03-01
MA,total,22691,0,2775018.0,0,2017,3,2017-03-01,2017-03-01,2017-04-30,2018-03-01
MA,total,23864,0,2775018.0,0,2017,5,2017-05-01,2017-05-01,2017-06-30,2018-03-01
MA,total,24866,0,2775018.0,0,2017,7,2017-07-01,2017-07-01,2017-08-31,2018-03-01
MA,total,23924,0,2775018.0,0,2017,9,2017-09-01,2017-09-01,2017-10-31,2018-03-01
MA,total,22510,0,2775018.0,0,2017,11,2017-11-01,2017-11-01,2017-12-31,2018-03-01
MA,total,21037,0,2785568.0,0,2018,1,2018-01-01,2018-01-01,2018-02-28,2018-03-01
MA,total,22666,0,2785568.0,0,2018,3,2018-03-01,2018-03-01,2018-04-30,2018-03-01
MA,total,23904,0,2785568.0,0,2018,5,2018-05-01,2018-05-01,2018-06-30,2018-03-01
MA,total,24357,0,2785568.0,0,2018,7,2018-07-01,2018-07-01,2018-08-31,2018-03-01
MA,total,23407,0,2785568.0,0,2018,9,2018-09-01,2018-09-01,2018-10-31,2018-03-01
MA,total,21269,0,2785568.0,0,2018,11,2018-11-01,2018-11-01,2018-12-31,2018-03-01
MA,total,20871,0,2787206.0,0,2019,1,2019-01-01,2019-01-01,2019-02-28,2018-03-01
MD,total,22765,0,2402580.0,0,2016,1,2016-01-01,2016-01-01,2016-02-29,2018-03-01
MD,total,23525,0,2402580.0,0,2016,3,2016-03-01,2016-03-01,2016-04-30,2018-03-01
MD,total,24720,0,2402580.0,0,2016,5,2016-05-01,2016-05-01,2016-06-30,2018-03-01
MD,total,25948,0,2402580.0,0,2016,7,2016-07-01,2016-07-01,2016-08-31,2018-03-01
MD,total,24605,0,2402580.0,0,2016,9,2016-09-01,2016-09-01,2016-10-31,2018-03-01
MD,total,23359,0,2402580.0,0,2016,11,2016-11-01,2016-11-01,2016-12-31,2018-03-01
MD,total,21649,0,2390508.0,0,2017,1,2017-01-01,2017-01-01,2017-02-28,2018-03-01
MD,total,22675,0,2390508.0,0,2017,3,2017-03-01,2017-03-01,2017-04-30,2018-03-01
MD,total,23971,0,2390508.0,0,2017,5,2017-05-01,2017-05-01,2017-06-30,2018-03-01
MD,total,25833,0,2390508.0,0,2017,7,2017-07-01,2017-07-01,2017-08-31,2018-03-01
MD,total,24367,0,2390508.0,0,2017,9,2017-09-01,2017-09-01,2017-10-31,2018-03-01
MD,total,23458,0,2390508.0,0,2017,11,2017-11-01,2017-11-01,2017-12-31,2018-03-01
MD,total,21909,0,2376926.0,0,2018,1,2018-01-01,2018-01-01,2018-02-28,2018-03-01
MD,total,22521,0,2376926.0,0,2018,3,2018-03-01,2018-03-01,2018-04-30,2018-03-01
MD,total,23879,0,2376926.0,0,2018,5,2018-05-01,2018-05-01,2018-06-30,2018-03-01
MD,total,24927,0,2376926.0,0,2018,7,2018-07-01,2018-07-01,2018-08-31,2018-03-01
MD,total,24560,0,2376926.0,0,2018,9,2018-09-01,2018-09-01,2018-10-31,2018-03-01
MD,total,22854,0,2376926.0,0,2018,11,2018-11-01,2018-11-01,2018-12-31,2018-03-01
MD,total,21655,0,2364716.0,0,2019,1,2019-01-01,2019-01-01,2019-02-28,2018-03-01
ME,total,3910,0,467102.0,0,2016,1,2016-01-01,2016-01-01,2016-02-29,2018-03-01
ME,total,4269,0,467102.0,0,2016,3,2016-03-01,2016-03-01,2016-04-30,2018-03-01
ME,total,4387,0,467102.0,0,2016,5,2016-05-01,2016-05-01,2016-06-30,2018-03-01
ME,total,4707,0,467102.0,0,2016,7,2016-07-01,2016-07-01,2016-08-31,2018-03-01
ME,total,4284,0,467102.0,0,2016,9,2016-09-01,2016-09-01,2016-10-31,2018-03-01
ME,total,3784,0,467102.0,0,2016,11,2016-11-01,2016-11-01,2016-12-31,2018-03-01
ME,total,3570,0,462944.0,0,2017,1,2017-01-01,2017-01-01,2017-02-28,2018-03-01
ME,total,4124,0,462944.0,0,2017,3,2017-03-01,2017-03-01,2017-04-30,2018-03-01
ME,total,4259,0,462944.0,0,2017,5,2017-05-01,2017-05-01,2017-06-30,2018-03-01
ME,total,4487,0,462944.0,0,2017,7,2017-07-01,2017-07-01,2017-08-31,2018-03-01
ME,total,4176,0,462944.0,0,2017,9,2017-09-01,2017-09-01,2017-10-31,2018-03-01
ME,total,3924,0,462944.0,0,2017,11,2017-11-01,2017-11-01,2017-12-31,2018-03-01
ME,total,3620,0,456884.0,0,2018,1,2018-01-01,2018-01-01,2018-02-28,2018-03-01
ME,total,4009,0,456884.0,0,2018,3,2018-03-01,2018-03-01,2018-04-30,2018-03-01
ME,total,4262,0,456884.0,0,2018,5,2018-05-01,2018-05-01,2018-06-30,2018-03-01
ME,total,4483,0,456884.0,0,2018,7,2018-07-01,2018-07-01,2018-08-31,2018-03-01
ME,total,4251,0,456884.0,0,2018,9,2018-09-01,2018-09-01,2018-10-31,2018-03-01
ME,total,3942,0,456884.0,0,2018,11,2018-11-01,2018-11-01,2018-12-31,2018-03-01
ME,total,3551,0,474544.0,0,2019,1,2019-01-01,2019-01-01,2019-02-28,2018-03-01
MI,total,34878,0,3755426.0,0,2016,1,2016-01-01,2016-01-01,2016-02-29,2018-03-01
MI,total,37469,0,3755426.0,0,2016,3,2016-03-01,2016-03-01,2016-04-30,2018-03-01
MI,total,38954,0,3755426.0,0,2016,5,2016-05-01,2016-05-01,2016-06-30,2018-03-01
MI,total,40295,0,3755426.0,0,2016,7,2016-07-01,2016-07-01,2016-08-31,2018-03-01
MI,total,37771,0,3755426.0,0,2016,9,2016-09-01,2016-09-01,2016-10-31,2018-03-01
MI,total,36224,0,3755426.0,0,2016,11,2016-11-01,2016-11-01,2016-12-31,2018-03-01
MI,total,34663,0,3754064.0,0,2017,1,2017-01-01,2017-01-01,2017-02-28,2018-03-01
MI,total,36169,0,3754064.0,0,2017,3,2017-03-01,2017-03-01,2017-04-30,2018-03-01
MI,total,38239,0,3754064.0,0,2017,5,2017-05-01,2017-05-01,2017-06-30,2018-03-01
MI,total,39912,0,3754064.0,0,2017,7,2017-07-01,2017-07-01,2017-08-31,2018-03-01
MI,total,37428,0,3754064.0,0,2017,9,2017-09-01,2017-09-01,2017-10-31,2018-03-01
MI,total,35286,0,3754064.0,0,2017,11,2017-11-01,2017-11-01,2017-12-31,2018-03-01
MI,total,34077,0,3769638.0,0,2018,1,2018-01-01,2018-01-01,2018-02-28,2018-03-01
MI,total,36316,0,3769638.0,0,2018,3,2018-03-01,2018-03-01,2018-04-30,2018-03-01
MI,total,37922,0,3769638.0,0,2018,5,2018-05-01,2018-05-01,2018-06-30,2018-03-01
MI,total,39057,0,3769638.0,0,2018,7,2018-07-01,2018-07-01,2018-08-31,2018-03-01
MI,total,36869,0,3769638.0,0,2018,9,2018-09-01,2018-09-01,2018-10-31,2018-03-01
MI,total,34711,0,3769638.0,0,2018,11,2018-11-01,2018-11-01,2018-12-31,2018-03-01
MI,total,33376,0,3768112.0,0,2019,1,2019-01-01,2019-01-01,2019-02-28,2018-03-01
MN,total,21870,0,2120732.0,0,2016,1,2016-01-01,2016-01-01,2016-02-29,2018-03-01
MN,total,22642,0,2120732.0,0,2016,3,2016-03-01,2016-03-01,2016-04-30,2018-03-01
MN,total,24203,0,2120732.0,0,2016,5,2016-05-01,2016-05-01,2016-06-30,2018-03-01
MN,total,24845,0,2120732.0,0,2016,7,2016-07-01,2016-07-01,2016-08-31,2018-03-01
MN,total,22885,0,2120732.0,0,2016,9,2016-09-01,2016-09-01,2016-10-31,2018-03-01
MN,total,22225,0,2120732.0,0,2016,11,2016-11-01,2016-11-01,2016-12-31,2018-03-01
MN,total,20880,0,2144692.0,0,2017,1,2017-01-01,2017-01-01,2017-02-28,2018-03-01
MN,total,22619,0,2144692.0,0,2017,3,2017-03-01,2017-03-01,2017-04-30,2018-03-01
MN,total,24248,0,2144692.0,0,2017,5,2017-05-01,2017-05-01,2017-06-30,2018-03-01
MN,total,24247,0,2144692.0,0,2017,7,2017-07-01,2017-07-01,2017-08-31,2018-03-01
MN,total,22846,0,2144692.0,0,2017,9,2017-09-01,2017-09-01,2017-10-31,2018-03-01
MN,total,21534,0,2144692.0,0,2017,11,2017-11-01,2017-11-01,2017-12-31,2018-03-01
MN,total,20682,0,2142880.0,0,2018,1,2018-01-01,2018-01-01,2018-02-28,2018-03-01
MN,total,22472,0,2142880.0,0,2018,3,2018-03-01,2018-03-01,2018-04-30,2018-03-01
MN,total,23191,0,2142880.0,0,2018,5,2018-05-01,2018-05-01,2018-06-30,2018-03-01
MN,total,24051,0,2142880.0,0,2018,7,2018-07-01,2018-07-01,2018-08-31,2018-03-01
MN,total,22172,0,2142880.0,0,2018,9,2018-09-01,2018-09-01,2018-10-31,2018-03-01
MN,total,21416,0,2142880.0,0,2018,11,2018-11-01,2018-11-01,2018-12-31,2018-03-01
MN,total,20076,0,2191600.0,0,2019,1,2019-01-01,2019-01-01,2019-02-28,2018-03-01
MO,total,23478,0,2336364.0,1,2016,1,2016-01-01,2016-01-01,2016-02-29,2018-03-01
MO,total,23811,0,2336364.0,1,2016,3,2016-03-01,2016-03-01,2016-04-30,2018-03-01
MO,total,24663,0,2336364.0,1,2016,5,2016-05-01,2016-05-01,2016-06-30,2018-03-01
MO,total,26611,0,2336364.0,1,2016,7,2016-07-01,2016-07-01,2016-08-31,2018-03-01
MO,total,25298,0,2336364.0,1,2016,9,2016-09-01,2016-09-01,2016-10-31,2018-03-01
MO,total,23920,0,2336364.0,1,2016,11,2016-11-01,2016-11-01,2016-12-31,2018-03-01
MO,total,22387,0,2340200.0,1,2017,1,2017-01-01,2017-01-01,2017-02-28,2018-03-01
MO,total,23087,0,2340200.0,1,2017,3,2017-03-01,2017-03-01,2017-04-30,2018-03-01
MO,total,24614,0,2340200.0,1,2017,5,2017-05-01,2017-05-01,2017-06-30,2018-03-01
MO,total,25889,0,2340200.0,1,2017,7,2017-07-01,2017-07-01,2017-08-31,2018-03-01
MO,total,24910,0,2340200.0,1,2017,9,2017-09-01,2017-09-01,2017-10-31,2018-03-01
MO,total,23724,0,2340200.0,1,2017,11,2017-11-01,2017-11-01,2017-12-31,2018-03-01
MO,total,22831,0,2342798.0,1,2018,1,2018-01-01,2018-01-01,2018-02-28,2018-03-01
MO,total,23286,1,2342798.0,1,2018,3,2018-03-01,2018-03-01,2018-04-30,2018-03-01
MO,total,25069,1,2342798.0,1,2018,5,2018-05-01,2018-05-01,2018-06-30,2018-03-01
MO,total,26066,1,2342798.0,1,2018,7,2018-07-01,2018-07-01,2018-08-31,2018-03-01
MO,total,24586,1,2342798.0,1,2018,9,2018-09-01,2018-09-01,2018-10-31,2018-03-01
MO,total,23376,1,2342798.0,1,2018,11,2018-11-01,2018-11-01,2018-12-31,2018-03-01
MO,total,22215,1,2356318.0,1,2019,1,2019-01-01,2019-01-01,2019-02-28,2018-03-01
MS,total,12102,0,1207326.0,1,2016,1,2016-01-01,2016-01-01,2016-02-29,2018-03-01
MS,total,11943,0,1207326.0,1,2016,3,2016-03-01,2016-03-01,2016-04-30,2018-03-01
MS,total,12283,0,1207326.0,1,2016,5,2016-05-01,2016-05-01,2016-06-30,2018-03-01
MS,total,13524,0,1207326.0,1,2016,7,2016-07-01,2016-07-01,2016-08-31,2018-03-01
MS,total,13156,0,1207326.0,1,2016,9,2016-09-01,2016-09-01,2016-10-31,2018-03-01
MS,total,12624,0,1207326.0,1,2016,11,2016-11-01,2016-11-01,2016-12-31,2018-03-01
MS,total,11936,0,1186088.0,1,2017,1,2017-01-01,2017-01-01,2017-02-28,2018-03-01
MS,total,11235,0,1186088.0,1,2017,3,2017-03-01,2017-03-01,2017-04-30,2018-03-01
MS,total,12088,0,1186088.0,1,2017,5,2017-05-01,2017-05-01,2017-06-30,2018-03-01
MS,total,13521,0,1186088.0,1,2017,7,2017-07-01,2017-07-01,2017-08-31,2018-03-01
MS,total,12922,0,1186088.0,1,2017,9,2017-09-01,2017-09-01,2017-10-31,2018-03-01
MS,total,12777,0,1186088.0,1,2017,11,2017-11-01,2017-11-01,2017-12-31,2018-03-01
MS,total,11945,0,1197290.0,1,2018,1,2018-01-01,2018-01-01,2018-02-28,2018-03-01
MS,total,11518,1,1197290.0,1,2018,3,2018-03-01,2018-03-01,2018-04-30,2018-03-01
MS,total,12088,1,1197290.0,1,2018,5,2018-05-01,2018-05-01,2018-06-30,2018-03-01
MS,total,13133,1,1197290.0,1,2018,7,2018-07-01,2018-07-01,2018-08-31,2018-03-01
MS,total,12571,1,1197290.0,1,2018,9,2018-09-01,2018-09-01,2018-10-31,2018-03-01
MS,total,12498,1,1197290.0,1,2018,11,2018-11-01,2018-11-01,2018-12-31,2018-03-01
MS,total,11662,1,1176378.0,1,2019,1,2019-01-01,2019-01-01,2019-02-28,2018-03-01
MT,total,3763,0,371668.0,0,2016,1,2016-01-01,2016-01-01,2016-02-29,2018-03-01
MT,total,4053,0,371668.0,0,2016,3,2016-03-01,2016-03-01,2016-04-30,2018-03-01
MT,total,4361,0,371668.0,0,2016,5,2016-05-01,2016-05-01,2016-06-30,2018-03-01
MT,total,4435,0,371668.0,0,2016,7,2016-07-01,2016-07-01,2016-08-31,2018-03-01
MT,total,4081,0,371668.0,0,2016,9,2016-09-01,2016-09-01,2016-10-31,2018-03-01
MT,total,3775,0,371668.0,0,2016,11,2016-11-01,2016-11-01,2016-12-31,2018-03-01
MT,total,3612,0,387664.0,0,2017,1,2017-01-01,2017-01-01,2017-02-28,2018-03-01
MT,total,3971,0,387664.0,0,2017,3,2017-03-01,2017-03-01,2017-04-30,2018-03-01
MT,total,4254,0,387664.0,0,2017,5,2017-05-01,2017-05-01,2017-06-30,2018-03-01
MT,total,4101,0,387664.0,0,2017,7,2017-07-01,2017-07-01,2017-08-31,2018-03-01
MT,total,3854,0,387664.0,0,2017,9,2017-09-01,2017-09-01,2017-10-31,2018-03-01
MT,total,3706,0,387664.0,0,2017,11,2017-11-01,2017-11-01,2017-12-31,2018-03-01
MT,total,3752,0,386468.0,0,2018,1,2018-01-01,2018-01-01,2018-02-28,2018-03-01
MT,total,3857,0,386468.0,0,2018,3,2018-03-01,2018-03-01,2018-04-30,2018-03-01
MT,total,3976,0,386468.0,0,2018,5,2018-05-01,2018-05-01,2018-06-30,2018-03-01
MT,total,4141,0,386468.0,0,2018,7,2018-07-01,2018-07-01,2018-08-31,2018-03-01
MT,total,3641,0,386468.0,0,2018,9,2018-09-01,2018-09-01,2018-10-31,2018-03-01
MT,total,3591,0,386468.0,0,2018,11,2018-11-01,2018-11-01,2018-12-31,2018-03-01
MT,total,3465,0,391132.0,0,2019,1,2019-01-01,2019-01-01,2019-02-28,2018-03-01
NC,total,38024,0,4021924.0,0,2016,1,2016-01-01,2016-01-01,2016-02-29,2018-03-01
NC,total,38022,0,4021924.0,0,2016,3,2016-03-01,2016-03-01,2016-04-30,2018-03-01
NC,total,40010,0,4021924.0,0,2016,5,2016-05-01,2016-05-01,2016-06-30,2018-03-01
NC,total,42881,0,4021924.0,0,2016,7,2016-07-01,2016-07-01,2016-08-31,2018-03-01
NC,total,41332,0,4021924.0,0,2016,9,2016-09-01,2016-09-01,2016-10-31,2018-03-01
NC,total,39598,0,4021924.0,0,2016,11,2016-11-01,2016-11-01,2016-12-31,2018-03-01
NC,total,36943,0,4050312.0,0,2017,1,2017-01-01,2017-01-01,2017-02-28,2018-03-01
NC,total,37768,0,4050312.0,0,2017,3,2017-03-01,2017-03-01,2017-04-30,2018-03-01
NC,total,39430,0,4050312.0,0,2017,5,2017-05-01,2017-05-01,2017-06-30,2018-03-01
NC,total,42931,0,4050312.0,0,2017,7,2017-07-01,2017-07-01,2017-08-31,2018-03-01
NC,total,41593,0,4050312.0,0,2017,9,2017-09-01,2017-09-01,2017-10-31,2018-03-01
NC,total,39957,0,4050312.0,0,2017,11,2017-11-01,2017-11-01,2017-12-31,2018-03-01
NC,total,36644,0,4090888.0,0,2018,1,2018-01-01,2018-01-01,2018-02-28,2018-03-01
NC,total,37931,0,4090888.0,0,2018,3,2018-03-01,2018-03-01,2018-04-30,2018-03-01
NC,total,39565,0,4090888.0,0,2018,5,2018-05-01,2018-05-01,2018-06-30,2018-03-01
NC,total,42013,0,4090888.0,0,2018,7,2018-07-01,2018-07-01,2018-08-31,2018-03-01
NC,total,41286,0,4090888.0,0,2018,9,2018-09-01,2018-09-01,2018-10-31,2018-03-01
NC,total,38831,0,4090888.0,0,2018,11,2018-11-01,2018-11-01,2018-12-31,2018-03-01
NC,total,37377,0,4149308.0,0,2019,1,2019-01-01,2019-01-01,2019-02-28,2018-03-01
ND,total,3553,0,297584.0,0,2016,1,2016-01-01,2016-01-01,2016-02-29,2018-03-01
ND,total,3638,0,297584.0,0,2016,3,2016-03-01,2016-03-01,2016-04-30,2018-03-01
ND,total,3879,0,297584.0,0,2016,5,2016-05-01,2016-05-01,2016-06-30,2018-03-01
ND,total,3901,0,297584.0,0,2016,7,2016-07-01,2016-07-01,2016-08-31,2018-03-01
ND,total,3885,0,297584.0,0,2016,9,2016-09-01,2016-09-01,2016-10-31,2018-03-01
ND,total,3527,0,297584.0,0,2016,11,2016-11-01,2016-11-01,2016-12-31,2018-03-01
ND,total,3265,0,292708.0,0,2017,1,2017-01-01,2017-01-01,2017-02-28,2018-03-01
ND,total,3651,0,292708.0,0,2017,3,2017-03-01,2017-03-01,2017-04-30,2018-03-01
ND,total,3593,0,292708.0,0,2017,5,2017-05-01,2017-05-01,2017-06-30,2018-03-01
ND,total,3588,0,292708.0,0,2017,7,2017-07-01,2017-07-01,2017-08-31,2018-03-01
ND,total,3630,0,292708.0,0,2017,9,2017-09-01,2017-09-01,2017-10-31,2018-03-01
ND,total,3447,0,292708.0,0,2017,11,2017-11-01,2017-11-01,2017-12-31,2018-03-01
ND,total,3323,0,294672.0,0,2018,1,2018-01-01,2018-01-01,2018-02-28,2018-03-01
ND,total,3431,0,294672.0,0,2018,3,2018-03-01,2018-03-01,2018-04-30,2018-03-01
ND,total,3646,0,294672.0,0,2018,5,2018-05-01,2018-05-01,2018-06-30,2018-03-01
ND,total,3700,0,294672.0,0,2018,7,2018-07-01,2018-07-01,2018-08-31,2018-03-01
ND,total,3446,0,294672.0,0,2018,9,2018-09-01,2018-09-01,2018-10-31,2018-03-01
ND,total,3363,0,294672.0,0,2018,11,2018-11-01,2018-11-01,2018-12-31,2018-03-01
ND,total,3225,0,305016.0,0,2019,1,2019-01-01,2019-01-01,2019-02-28,2018-03-01
NE,total,8149,0,738718.0,0,2016,1,2016-01-01,2016-01-01,2016-02-29,2018-03-01
NE,total,8926,0,738718.0,0,2016,3,2016-03-01,2016-03-01,2016-04-30,2018-03-01
NE,total,8862,0,738718.0,0,2016,5,2016-05-01,2016-05-01,2016-06-30,2018-03-01
NE,total,9336,0,738718.0,0,2016,7,2016-07-01,2016-07-01,2016-08-31,2018-03-01
NE,total,9181,0,738718.0,0,2016,9,2016-09-01,2016-09-01,2016-10-31,2018-03-01
NE,total,8588,0,738718.0,0,2016,11,2016-11-01,2016-11-01,2016-12-31,2018-03-01
NE,total,7850,0,734388.0,0,2017,1,2017-01-01,2017-01-01,2017-02-28,2018-03-01
NE,total,8439,0,734388.0,0,2017,3,2017-03-01,2017-03-01,2017-04-30,2018-03-01
NE,total,9045,0,734388.0,0,2017,5,2017-05-01,2017-05-01,2017-06-30,2018-03-01
NE,total,9012,0,734388.0,0,2017,7,2017-07-01,2017-07-01,2017-08-31,2018-03-01
NE,total,8804,0,734388.0,0,2017,9,2017-09-01,2017-09-01,2017-10-31,2018-03-01
NE,total,8342,0,734388.0,0,2017,11,2017-11-01,2017-11-01,2017-12-31,2018-03-01
NE,total,7852,0,751928.0,0,2018,1,2018-01-01,2018-01-01,2018-02-28,2018-03-01
NE,total,8199,0,751928.0,0,2018,3,2018-03-01,2018-03-01,2018-04-30,2018-03-01
NE,total,8859,0,751928.0,0,2018,5,2018-05-01,2018-05-01,2018-06-30,2018-03-01
NE,total,9108,0,751928.0,0,2018,7,2018-07-01,2018-07-01,2018-08-31,2018-03-01
NE,total,8481,0,751928.0,0,2018,9,2018-09-01,2018-09-01,2018-10-31,2018-03-01
NE,total,8353,0,751928.0,0,2018,11,2018-11-01,2018-11-01,2018-12-31,2018-03-01
NE,total,7605,0,759272.0,0,2019,1,2019-01-01,2019-01-01,2019-02-28,2018-03-01
NH,total,3807,0,478820.0,0,2016,1,2016-01-01,2016-01-01,2016-02-29,2018-03-01
NH,total,4131,0,478820.0,0,2016,3,2016-03-01,2016-03-01,2016-04-30,2018-03-01
NH,total,4075,0,478820.0,0,2016,5,2016-05-01,2016-05-01,2016-06-30,2018-03-01
NH,total,4388,0,478820.0,0,2016,7,2016-07-01,2016-07-01,2016-08-31,2018-03-01
NH,total,4283,0,478820.0,0,2016,9,2016-09-01,2016-09-01,2016-10-31,2018-03-01
NH,total,3704,0,478820.0,0,2016,11,2016-11-01,2016-11-01,2016-12-31,2018-03-01
NH,total,3629,0,483194.0,0,2017,1,2017-01-01,2017-01-01,2017-02-28,2018-03-01
NH,total,3887,0,483194.0,0,2017,3,2017-03-01,2017-03-01,2017-04-30,2018-03-01
NH,total,4360,0,483194.0,0,2017,5,2017-05-01,2017-05-01,2017-06-30,2018-03-01
NH,total,4343,0,483194.0,0,2017,7,2017-07-01,2017-07-01,2017-08-31,2018-03-01
NH,total,4134,0,483194.0,0,2017,9,2017-09-01,2017-09-01,2017-10-31,2018-03-01
NH,total,3746,0,483194.0,0,2017,11,2017-11-01,2017-11-01,2017-12-31,2018-03-01
NH,total,3660,0,490018.0,0,2018,1,2018-01-01,2018-01-01,2018-02-28,2018-03-01
NH,total,3980,0,490018.0,0,2018,3,2018-03-01,2018-03-01,2018-04-30,2018-03-01
NH,total,4006,0,490018.0,0,2018,5,2018-05-01,2018-05-01,2018-06-30,2018-03-01
NH,total,4365,0,490018.0,0,2018,7,2018-07-01,2018-07-01,2018-08-31,2018-03-01
NH,total,4157,0,490018.0,0,2018,9,2018-09-01,2018-09-01,2018-10-31,2018-03-01
NH,total,3681,0,490018.0,0,2018,11,2018-11-01,2018-11-01,2018-12-31,2018-03-01
NH,total,3510,0,492216.0,0,2019,1,2019-01-01,2019-01-01,2019-02-28,2018-03-01
NJ,total,31738,0,3420040.0,0,2016,1,2016-01-01,2016-01-01,2016-02-29,2018-03-01
NJ,total,32774,0,3420040.0,0,2016,3,2016-03-01,2016-03-01,2016-04-30,2018-03-01
NJ,total,34507,0,3420040.0,0,2016,5,2016-05-01,2016-05-01,2016-06-30,2018-03-01
NJ,total,35897,0,3420040.0,0,2016,7,2016-07-01,2016-07-01,2016-08-31,2018-03-01
NJ,total,34371,0,3420040.0,0,2016,9,2016-09-01,2016-09-01,2016-10-31,2018-03-01
NJ,total,33358,0,3420040.0,0,2016,11,2016-11-01,2016-11-01,2016-12-31,2018-03-01
NJ,total,30655,0,3435174.0,0,2017,1,2017-01-01,2017-01-01,2017-02-28,2018-03-01
NJ,total,32139,0,3435174.0,0,2017,3,2017-03-01,2017-03-01,2017-04-30,2018-03-01
NJ,total,33969,0,3435174.0,0,2017,5,2017-05-01,2017-05-01,2017-06-30,2018-03-01
NJ,total,35683,0,3435174.0,0,2017,7,2017-07-01,2017-07-01,2017-08-31,2018-03-01
NJ,total,34286,0,3435174.0,0,2017,9,2017-09-01,2017-09-01,2017-10-31,2018-03-01
NJ,total,33115,0,3435174.0,0,2017,11,2017-11-01,2017-11-01,2017-12-31,2018-03-01
NJ,total,30878,0,3373094.0,0,2018,1,2018-01-01,2018-01-01,2018-02-28,2018-03-01
NJ,total,32965,0,3373094.0,0,2018,3,2018-03-01,2018-03-01,2018-04-30,2018-03-01
NJ,total,34040,0,3373094.0,0,2018,5,2018-05-01,2018-05-01,2018-06-30,2018-03-01
NJ,total,35689,0,3373094.0,0,2018,7,2018-07-01,2018-07-01,2018-08-31,2018-03-01
NJ,total,34061,0,3373094.0,0,2018,9,2018-09-01,2018-09-01,2018-10-31,2018-03-01
NJ,total,32105,0,3373094.0,0,2018,11,2018-11-01,2018-11-01,2018-12-31,2018-03-01
NJ,total,30417,0,3331750.0,0,2019,1,2019-01-01,2019-01-01,2019-02-28,2018-03-01
NM,total,8065,0,792960.0,0,2016,1,2016-01-01,2016-01-01,2016-02-29,2018-03-01
NM,total,7947,0,792960.0,0,2016,3,2016-03-01,2016-03-01,2016-04-30,2018-03-01
NM,total,8142,0,792960.0,0,2016,5,2016-05-01,2016-05-01,2016-06-30,2018-03-01
NM,total,8712,0,792960.0,0,2016,7,2016-07-01,2016-07-01,2016-08-31,2018-03-01
NM,total,8406,0,792960.0,0,2016,9,2016-09-01,2016-09-01,2016-10-31,2018-03-01
NM,total,7879,0,792960.0,0,2016,11,2016-11-01,2016-11-01,2016-12-31,2018-03-01
NM,total,7619,0,798452.0,0,2017,1,2017-01-01,2017-01-01,2017-02-28,2018-03-01
NM,total,7693,0,798452.0,0,2017,3,2017-03-01,2017-03-01,2017-04-30,2018-03-01
NM,total,7797,0,798452.0,0,2017,5,2017-05-01,2017-05-01,2017-06-30,2018-03-01
NM,total,8550,0,798452.0,0,2017,7,2017-07-01,2017-07-01,2017-08-31,2018-03-01
NM,total,8167,0,798452.0,0,2017,9,2017-09-01,2017-09-01,2017-10-31,2018-03-01
NM,total,7487,0,798452.0,0,2017,11,2017-11-01,2017-11-01,2017-12-31,2018-03-01
NM,total,7192,0,793354.0,0,2018,1,2018-01-01,2018-01-01,2018-02-28,2018-03-01
NM,total,7234,0,793354.0,0,2018,3,2018-03-01,2018-03-01,2018-04-30,2018-03-01
NM,total,7524,0,793354.0,0,2018,5,2018-05-01,2018-05-01,2018-06-30,2018-03-01
NM,total,8210,0,793354.0,0,2018,7,2018-07-01,2018-07-01,2018-08-31,2018-03-01
NM,total,8181,0,793354.0,0,2018,9,2018-09-01,2018-09-01,2018-10-31,2018-03-01
NM,total,7532,0,793354.0,0,2018,11,2018-11-01,2018-11-01,2018-12-31,2018-03-01
NM,total,6980,0,798856.0,0,2019,1,2019-01-01,2019-01-01,2019-02-28,2018-03-01
NV,total,11414,0,1166604.0,0,2016,1,2016-01-01,2016-01-01,2016-02-29,2018-03-01
NV,total,11521,0,1166604.0,0,2016,3,2016-03-01,2016-03-01,2016-04-30,2018-03-01
NV,total,12072,0,1166604.0,0,2016,5,2016-05-01,2016-05-01,2016-06-30,2018-03-01
NV,total,12819,0,1166604.0,0,2016,7,2016-07-01,2016-07-01,2016-08-31,2018-03-01
NV,total,12562,0,1166604.0,0,2016,9,2016-09-01,2016-09-01,2016-10-31,2018-03-01
NV,total,11783,0,1166604.0,0,2016,11,2016-11-01,2016-11-01,2016-12-31,2018-03-01
NV,total,11221,0,1184968.0,0,2017,1,2017-01-01,2017-01-01,2017-02-28,2018-03-01
NV,total,11196,0,1184968.0,0,2017,3,2017-03-01,2017-03-01,2017-04-30,2018-03-01
NV,total,12064,0,1184968.0,0,2017,5,2017-05-01,2017-05-01,2017-06-30,2018-03-01
NV,total,12410,0,1184968.0,0,2017,7,2017-07-01,2017-07-01,2017-08-31,2018-03-01
NV,total,12418,0,1184968.0,0,2017,9,2017-09-01,2017-09-01,2017-10-31,2018-03-01
NV,total,11697,0,1184968.0,0,2017,11,2017-11-01,2017-11-01,2017-12-31,2018-03-01
NV,total,11075,0,1186346.0,0,2018,1,2018-01-01,2018-01-01,2018-02-28,2018-03-01
NV,total,11316,0,1186346.0,0,2018,3,2018-03-01,2018-03-01,2018-04-30,2018-03-01
NV,total,11855,0,1186346.0,0,2018,5,2018-05-01,2018-05-01,2018-06-30,2018-03-01
NV,total,12801,0,1186346.0,0,2018,7,2018-07-01,2018-07-01,2018-08-31,2018-03-01
NV,total,12005,0,1186346.0,0,2018,9,2018-09-01,2018-09-01,2018-10-31,2018-03-01
NV,total,11867,0,1186346.0,0,2018,11,2018-11-01,2018-11-01,2018-12-31,2018-03-01
NV,total,11048,0,1205734.0,0,2019,1,2019-01-01,2019-01-01,2019-02-28,2018-03-01
NY,total,73562,0,8010560.0,0,2016,1,2016-01-01,2016-01-01,2016-02-29,2018-03-01
NY,total,75234,0,8010560.0,0,2016,3,2016-03-01,2016-03-01,2016-04-30,2018-03-01
NY,total,77958,0,8010560.0,0,2016,5,2016-05-01,2016-05-01,2016-06-30,2018-03-01
NY,total,82276,0,8010560.0,0,2016,7,2016-07-01,2016-07-01,2016-08-31,2018-03-01
NY,total,78170,0,8010560.0,0,2016,9,2016-09-01,2016-09-01,2016-10-31,2018-03-01
NY,total,74861,0,8010560.0,0,2016,11,2016-11-01,2016-11-01,2016-12-31,2018-03-01
NY,total,71010,0,7989414.0,0,2017,1,2017-01-01,2017-01-01,2017-02-28,2018-03-01
NY,total,73940,0,7989414.0,0,2017,3,2017-03-01,2017-03-01,2017-04-30,2018-03-01
NY,total,76870,0,7989414.0,0,2017,5,2017-05-01,2017-05-01,2017-06-30,2018-03-01
NY,total,80902,0,7989414.0,0,2017,7,2017-07-01,2017-07-01,2017-08-31,2018-03-01
NY,total,78089,0,7989414.0,0,2017,9,2017-09-01,2017-09-01,2017-10-31,2018-03-01
NY,total,74314,0,7989414.0,0,2017,11,2017-11-01,2017-11-01,2017-12-31,2018-03-01
NY,total,70848,0,7826450.0,0,2018,1,2018-01-01,2018-01-01,2018-02-28,2018-03-01
NY,total,72631,0,7826450.0,0,2018,3,2018-03-01,2018-03-01,2018-04-30,2018-03-01
NY,total,76916,0,7826450.0,0,2018,5,2018-05-01,2018-05-01,2018-06-30,2018-03-01
NY,total,78970,0,7826450.0,0,2018,7,2018-07-01,2018-07-01,2018-08-31,2018-03-01
NY,total,75504,0,7826450.0,0,2018,9,2018-09-01,2018-09-01,2018-10-31,2018-03-01
NY,total,72652,0,7826450.0,0,2018,11,2018-11-01,2018-11-01,2018-12-31,2018-03-01
NY,total,68443,0,7758478.0,0,2019,1,2019-01-01,2019-01-01,2019-02-28,2018-03-01
OH,total,43005,0,4387134.0,0,2016,1,2016-01-01,2016-01-01,2016-02-29,2018-03-01
OH,total,44377,0,4387134.0,0,2016,3,2016-03-01,2016-03-01,2016-04-30,2018-03-01
OH,total,46637,0,4387134.0,0,2016,5,2016-05-01,2016-05-01,2016-06-30,2018-03-01
OH,total,48920,0,4387134.0,0,2016,7,2016-07-01,2016-07-01,2016-08-31,2018-03-01
OH,total,46239,0,4387134.0,0,2016,9,2016-09-01,2016-09-01,2016-10-31,2018-03-01
OH,total,43994,0,4387134.0,0,2016,11,2016-11-01,2016-11-01,2016-12-31,2018-03-01
OH,total,41822,0,4416460.0,0,2017,1,2017-01-01,2017-01-01,2017-02-28,2018-03-01
OH,total,43942,0,4416460.0,0,2017,3,2017-03-01,2017-03-01,2017-04-30,2018-03-01
OH,total,45945,0,4416460.0,0,2017,5,2017-05-01,2017-05-01,2017-06-30,2018-03-01
OH,total,48481,0,4416460.0,0,2017,7,2017-07-01,2017-07-01,2017-08-31,2018-03-01
OH,total,47302,0,4416460.0,0,2017,9,2017-09-01,2017-09-01,2017-10-31,2018-03-01
OH,total,43976,0,4416460.0,0,2017,11,2017-11-01,2017-11-01,2017-12-31,2018-03-01
OH,total,42353,0,4419902.0,0,2018,1,2018-01-01,2018-01-01,2018-02-28,2018-03-01
OH,total,43814,0,4419902.0,0,2018,3,2018-03-01,2018-03-01,2018-04-30,2018-03-01
OH,total,45758,0,4419902.0,0,2018,5,2018-05-01,2018-05-01,2018-06-30,2018-03-01
OH,total,47720,0,4419902.0,0,2018,7,2018-07-01,2018-07-01,2018-08-31,2018-03-01
OH,total,45511,0,4419902.0,0,2018,9,2018-09-01,2018-09-01,2018-10-31,2018-03-01
OH,total,43102,0,4419902.0,0,2018,11,2018-11-01,2018-11-01,2018-12-31,2018-03-01
OH,total,42162,0,4421760.0,0,2019,1,2019-01-01,2019-01-01,2019-02-28,2018-03-01
OK,total,17070,0,1544010.0,1,2016,1,2016-01-01,2016-01-01,2016-02-29,2018-03-01
OK,total,16970,0,1544010.0,1,2016,3,2016-03-01,2016-03-01,2016-04-30,2018-03-01
OK,total,17367,0,1544010.0,1,2016,5,2016-05-01,2016-05-01,2016-06-30,2018-03-01
OK,total,18494,0,1544010.0,1,2016,7,2016-07-01,2016-07-01,2016-08-31,2018-03-01
OK,total,17898,0,1544010.0,1,2016,9,2016-09-01,2016-09-01,2016-10-31,2018-03-01
OK,total,17049,0,1544010.0,1,2016,11,2016-11-01,2016-11-01,2016-12-31,2018-03-01
OK,total,15600,0,1538852.0,1,2017,1,2017-01-01,2017-01-01,2017-02-28,2018-03-01
OK,total,15830,0,1538852.0,1,2017,3,2017-03-01,2017-03-01,2017-04-30,2018-03-01
OK,total,17049,0,1538852.0,1,2017,5,2017-05-01,2017-05-01,2017-06-30,2018-03-01
OK,total,17798,0,1538852.0,1,2017,7,2017-07-01,2017-07-01,2017-08-31,2018-03-01
OK,total,17483,0,1538852.0,1,2017,9,2017-09-01,2017-09-01,2017-10-31,2018-03-01
OK,total,16328,0,1538852.0,1,2017,11,2017-11-01,2017-11-01,2017-12-31,2018-03-01
OK,total,15920,0,1549500.0,1,2018,1,2018-01-01,2018-01-01,2018-02-28,2018-03-01
OK,total,15997,1,1549500.0,1,2018,3,2018-03-01,2018-03-01,2018-04-30,2018-03-01
OK,total,16438,1,1549500.0,1,2018,5,2018-05-01,2018-05-01,2018-06-30,2018-03-01
OK,total,17789,1,1549500.0,1,2018,7,2018-07-01,2018-07-01,2018-08-31,2018-03-01
OK,total,16997,1,1549500.0,1,2018,9,2018-09-01,2018-09-01,2018-10-31,2018-03-01
OK,total,16184,1,1549500.0,1,2018,11,2018-11-01,2018-11-01,2018-12-31,2018-03-01
OK,total,15433,1,1568106.0,1,2019,1,2019-01-01,2019-01-01,2019-02-28,2018-03-01
OR,total,14410,0,1595786.0,0,2016,1,2016-01-01,2016-01-01,2016-02-29,2018-03-01
OR,total,15136,0,1595786.0,0,2016,3,2016-03-01,2016-03-01,2016-04-30,2018-03-01
OR,total,15325,0,1595786.0,0,2016,5,2016-05-01,2016-05-01,2016-06-30,2018-03-01
OR,total,16114,0,1595786.0,0,2016,7,2016-07-01,2016-07-01,2016-08-31,2018-03-01
OR,total,15187,0,1595786.0,0,2016,9,2016-09-01,2016-09-01,2016-10-31,2018-03-01
OR,total,14367,0,1595786.0,0,2016,11,2016-11-01,2016-11-01,2016-12-31,2018-03-01
OR,total,13419,0,1618892.0,0,2017,1,2017-01-01,2017-01-01,2017-02-28,2018-03-01
OR,total,14356,0,1618892.0,0,2017,3,2017-03-01,2017-03-01,2017-04-30,2018-03-01
OR,total,15157,0,1618892.0,0,2017,5,2017-05-01,2017-05-01,2017-06-30,2018-03-01
OR,total,15308,0,1618892.0,0,2017,7,2017-07-01,2017-07-01,2017-08-31,2018-03-01
OR,total,14672,0,1618892.0,0,2017,9,2017-09-01,2017-09-01,2017-10-31,2018-03-01
OR,total,13771,0,1618892.0,0,2017,11,2017-11-01,2017-11-01,2017-12-31,2018-03-01
OR,total,13169,0,1650054.0,0,2018,1,2018-01-01,2018-01-01,2018-02-28,2018-03-01
OR,total,13827,0,1650054.0,0,2018,3,2018-03-01,2018-03-01,2018-04-30,2018-03-01
OR,total,14516,0,1650054.0,0,2018,5,2018-05-01,2018-05-01,2018-06-30,2018-03-01
OR,total,15177,0,1650054.0,0,2018,7,2018-07-01,2018-07-01,2018-08-31,2018-03-01
OR,total,13866,0,1650054.0,0,2018,9,2018-09-01,2018-09-01,2018-10-31,2018-03-01
OR,total,13214,0,1650054.0,0,2018,11,2018-11-01,2018-11-01,2018-12-31,2018-03-01
OR,total,13276,0,1664388.0,0,2019,1,2019-01-01,2019-01-01,2019-02-28,2018-03-01
PA,total,42986,0,4788478.0,0,2016,1,2016-01-01,2016-01-01,2016-02-29,2018-03-01
PA,total,45530,0,4788478.0,0,2016,3,2016-03-01,2016-03-01,2016-04-30,2018-03-01
PA,total,47033,0,4788478.0,0,2016,5,2016-05-01,2016-05-01,2016-06-30,2018-03-01
PA,total,49272,0,4788478.0,0,2016,7,2016-07-01,2016-07-01,2016-08-31,2018-03-01
PA,total,46625,0,4788478.0,0,2016,9,2016-09-01,2016-09-01,2016-10-31,2018-03-01
PA,total,44081,0,4788478.0,0,2016,11,2016-11-01,2016-11-01,2016-12-31,2018-03-01
PA,total,42123,0,4759864.0,0,2017,1,2017-01-01,2017-01-01,2017-02-28,2018-03-01
PA,total,44126,0,4759864.0,0,2017,3,2017-03-01,2017-03-01,2017-04-30,2018-03-01
PA,total,45886,0,4759864.0,0,2017,5,2017-05-01,2017-05-01,2017-06-30,2018-03-01
PA,total,48646,0,4759864.0,0,2017,7,2017-07-01,2017-07-01,2017-08-31,2018-03-01
PA,total,47804,0,4759864.0,0,2017,9,2017-09-01,2017-09-01,2017-10-31,2018-03-01
PA,total,43686,0,4759864.0,0,2017,11,2017-11-01,2017-11-01,2017-12-31,2018-03-01
PA,total,41532,0,4794820.0,0,2018,1,2018-01-01,2018-01-01,2018-02-28,2018-03-01
PA,total,43792,0,4794820.0,0,2018,3,2018-03-01,2018-03-01,2018-04-30,2018-03-01
PA,total,46168,0,4794820.0,0,2018,5,2018-05-01,2018-05-01,2018-06-30,2018-03-01
PA,total,47693,0,4794820.0,0,2018,7,2018-07-01,2018-07-01,2018-08-31,2018-03-01
PA,total,45917,0,4794820.0,0,2018,9,2018-09-01,2018-09-01,2018-10-31,2018-03-01
PA,total,42891,0,4794820.0,0,2018,11,2018-11-01,2018-11-01,2018-12-31,2018-03-01
PA,total,41575,0,4783510.0,0,2019,1,2019-01-01,2019-01-01,2019-02-28,2018-03-01
RI,total,3384,0,418800.0,0,2016,1,2016-01-01,2016-01-01,2016-02-29,2018-03-01
RI,total,3571,0,418800.0,0,2016,3,2016-03-01,2016-03-01,2016-04-30,2018-03-01
RI,total,3608,0,418800.0,0,2016,5,2016-05-01,2016-05-01,2016-06-30,2018-03-01
RI,total,3984,0,418800.0,0,2016,7,2016-07-01,2016-07-01,2016-08-31,2018-03-01
RI,total,3556,0,418800.0,0,2016,9,2016-09-01,2016-09-01,2016-10-31,2018-03-01
RI,total,3363,0,418800.0,0,2016,11,2016-11-01,2016-11-01,2016-12-31,2018-03-01
RI,total,3191,0,424834.0,0,2017,1,2017-01-01,2017-01-01,2017-02-28,2018-03-01
RI,total,3390,0,424834.0,0,2017,3,2017-03-01,2017-03-01,2017-04-30,2018-03-01
RI,total,3521,0,424834.0,0,2017,5,2017-05-01,2017-05-01,2017-06-30,2018-03-01
RI,total,3893,0,424834.0,0,2017,7,2017-07-01,2017-07-01,2017-08-31,2018-03-01
RI,total,3689,0,424834.0,0,2017,9,2017-09-01,2017-09-01,2017-10-31,2018-03-01
RI,total,3426,0,424834.0,0,2017,11,2017-11-01,2017-11-01,2017-12-31,2018-03-01
RI,total,3275,0,419770.0,0,2018,1,2018-01-01,2018-01-01,2018-02-28,2018-03-01
RI,total,3532,0,419770.0,0,2018,3,2018-03-01,2018-03-01,2018-04-30,2018-03-01
RI,total,3509,0,419770.0,0,2018,5,2018-05-01,2018-05-01,2018-06-30,2018-03-01
RI,total,3747,0,419770.0,0,2018,7,2018-07-01,2018-07-01,2018-08-31,2018-03-01
RI,total,3587,0,419770.0,0,2018,9,2018-09-01,2018-09-01,2018-10-31,2018-03-01
RI,total,3242,0,419770.0,0,2018,11,2018-11-01,2018-11-01,2018-12-31,2018-03-01
RI,total,3237,0,410554.0,0,2019,1,2019-01-01,2019-01-01,2019-02-28,2018-03-01
SC,total,18365,0,1935244.0,0,2016,1,2016-01-01,2016-01-01,2016-02-29,2018-03-01
SC,total,18275,0,1935244.0,0,2016,3,2016-03-01,2016-03-01,2016-04-30,2018-03-01
SC,total,18940,0,1935244.0,0,2016,5,2016-05-01,2016-05-01,2016-06-30,2018-03-01
SC,total,20087,0,1935244.0,0,2016,7,2016-07-01,2016-07-01,2016-08-31,2018-03-01
SC,total,19241,0,1935244.0,0,2016,9,2016-09-01,2016-09-01,2016-10-31,2018-03-01
SC,total,19174,0,1935244.0,0,2016,11,2016-11-01,2016-11-01,2016-12-31,2018-03-01
SC,total,17890,0,1942736.0,0,2017,1,2017-01-01,2017-01-01,2017-02-28,2018-03-01
SC,total,18030,0,1942736.0,0,2017,3,2017-03-01,2017-03-01,2017-04-30,2018-03-01
SC,total,18573,0,1942736.0,0,2017,5,2017-05-01,2017-05-01,2017-06-30,2018-03-01
SC,total,20417,0,1942736.0,0,2017,7,2017-07-01,2017-07-01,2017-08-31,2018-03-01
SC,total,19826,0,1942736.0,0,2017,9,2017-09-01,2017-09-01,2017-10-31,2018-03-01
SC,total,18817,0,1942736.0,0,2017,11,2017-11-01,2017-11-01,2017-12-31,2018-03-01
SC,total,17713,0,1941180.0,0,2018,1,2018-01-01,2018-01-01,2018-02-28,2018-03-01
SC,total,18220,0,1941180.0,0,2018,3,2018-03-01,2018-03-01,2018-04-30,2018-03-01
SC,total,18365,0,1941180.0,0,2018,5,2018-05-01,2018-05-01,2018-06-30,2018-03-01
SC,total,19874,0,1941180.0,0,2018,7,2018-07-01,2018-07-01,2018-08-31,2018-03-01
SC,total,19497,0,1941180.0,0,2018,9,2018-09-01,2018-09-01,2018-10-31,2018-03-01
SC,total,19085,0,1941180.0,0,2018,11,2018-11-01,2018-11-01,2018-12-31,2018-03-01
SC,total,18275,0,1980642.0,0,2019,1,2019-01-01,2019-01-01,2019-02-28,2018-03-01
SD,total,3817,0,314968.0,1,2016,1,2016-01-01,2016-01-01,2016-02-29,2018-03-01
SD,total,4052,0,314968.0,1,2016,3,2016-03-01,2016-03-01,2016-04-30,2018-03-01
SD,total,4077,0,314968.0,1,2016,5,2016-05-01,2016-05-01,2016-06-30,2018-03-01
SD,total,4321,0,314968.0,1,2016,7,2016-07-01,2016-07-01,2016-08-31,2018-03-01
SD,total,4170,0,314968.0,1,2016,9,2016-09-01,2016-09-01,2016-10-31,2018-03-01
SD,total,4064,0,314968.0,1,2016,11,2016-11-01,2016-11-01,2016-12-31,2018-03-01
SD,total,3738,0,317616.0,1,2017,1,2017-01-01,2017-01-01,2017-02-28,2018-03-01
SD,total,3934,0,317616.0,1,2017,3,2017-03-01,2017-03-01,2017-04-30,2018-03-01
SD,total,4261,0,317616.0,1,2017,5,2017-05-01,2017-05-01,2017-06-30,2018-03-01
SD,total,4409,0,317616.0,1,2017,7,2017-07-01,2017-07-01,2017-08-31,2018-03-01
SD,total,4106,0,317616.0,1,2017,9,2017-09-01,2017-09-01,2017-10-31,2018-03-01
SD,total,3765,0,317616.0,1,2017,11,2017-11-01,2017-11-01,2017-12-31,2018-03-01
SD,total,3703,0,340880.0,1,2018,1,2018-01-01,2018-01-01,2018-02-28,2018-03-01
SD,total,4087,1,340880.0,1,2018,3,2018-03-01,2018-03-01,2018-04-30,2018-03-01
SD,total,4175,1,340880.0,1,2018,5,2018-05-01,2018-05-01,2018-06-30,2018-03-01
SD,total,4044,1,340880.0,1,2018,7,2018-07-01,2018-07-01,2018-08-31,2018-03-01
SD,total,4008,1,340880.0,1,2018,9,2018-09-01,2018-09-01,2018-10-31,2018-03-01
SD,total,3697,1,340880.0,1,2018,11,2018-11-01,2018-11-01,2018-12-31,2018-03-01
SD,total,3575,1,325232.0,1,2019,1,2019-01-01,2019-01-01,2019-02-28,2018-03-01
TN,total,25365,0,2604172.0,1,2016,1,2016-01-01,2016-01-01,2016-02-29,2018-03-01
TN,total,25951,0,2604172.0,1,2016,3,2016-03-01,2016-03-01,2016-04-30,2018-03-01
TN,total,26816,0,2604172.0,1,2016,5,2016-05-01,2016-05-01,2016-06-30,2018-03-01
TN,total,28398,0,2604172.0,1,2016,7,2016-07-01,2016-07-01,2016-08-31,2018-03-01
TN,total,27697,0,2604172.0,1,2016,9,2016-09-01,2016-09-01,2016-10-31,2018-03-01
TN,total,26365,0,2604172.0,1,2016,11,2016-11-01,2016-11-01,2016-12-31,2018-03-01
TN,total,25541,0,2634800.0,1,2017,1,2017-01-01,2017-01-01,2017-02-28,2018-03-01
TN,total,25155,0,2634800.0,1,2017,3,2017-03-01,2017-03-01,2017-04-30,2018-03-01
TN,total,26420,0,2634800.0,1,2017,5,2017-05-01,2017-05-01,2017-06-30,2018-03-01
TN,total,29048,0,2634800.0,1,2017,7,2017-07-01,2017-07-01,2017-08-31,2018-03-01
TN,total,28306,0,2634800.0,1,2017,9,2017-09-01,2017-09-01,2017-10-31,2018-03-01
TN,total,26521,0,2634800.0,1,2017,11,2017-11-01,2017-11-01,2017-12-31,2018-03-01
TN,total,25357,0,2647804.0,1,2018,1,2018-01-01,2018-01-01,2018-02-28,2018-03-01
TN,total,26085,1,2647804.0,1,2018,3,2018-03-01,2018-03-01,2018-04-30,2018-03-01
TN,total,26543,1,2647804.0,1,2018,5,2018-05-01,2018-05-01,2018-06-30,2018-03-01
TN,total,28488,1,2647804.0,1,2018,7,2018-07-01,2018-07-01,2018-08-31,2018-03-01
TN,total,27470,1,2647804.0,1,2018,9,2018-09-01,2018-09-01,2018-10-31,2018-03-01
TN,total,26321,1,2647804.0,1,2018,11,2018-11-01,2018-11-01,2018-12-31,2018-03-01
TN,total,25345,1,2668030.0,1,2019,1,2019-01-01,2019-01-01,2019-02-28,2018-03-01
TX,total,124769,0,11647002.0,0,2016,1,2016-01-01,2016-01-01,2016-02-29,2018-03-01
TX,total,126678,0,11647002.0,0,2016,3,2016-03-01,2016-03-01,2016-04-30,2018-03-01
TX,total,130150,0,11647002.0,0,2016,5,2016-05-01,2016-05-01,2016-06-30,2018-03-01
TX,total,140422,0,11647002.0,0,2016,7,2016-07-01,2016-07-01,2016-08-31,2018-03-01
TX,total,138139,0,11647002.0,0,2016,9,2016-09-01,2016-09-01,2016-10-31,2018-03-01
TX,total,132869,0,11647002.0,0,2016,11,2016-11-01,2016-11-01,2016-12-31,2018-03-01
TX,total,119910,0,11809474.0,0,2017,1,2017-01-01,2017-01-01,2017-02-28,2018-03-01
TX,total,119420,0,11809474.0,0,2017,3,2017-03-01,2017-03-01,2017-04-30,2018-03-01
TX,total,124999,0,11809474.0,0,2017,5,2017-05-01,2017-05-01,2017-06-30,2018-03-01
TX,total,134727,0,11809474.0,0,2017,7,2017-07-01,2017-07-01,2017-08-31,2018-03-01
TX,total,134412,0,11809474.0,0,2017,9,2017-09-01,2017-09-01,2017-10-31,2018-03-01
TX,total,127668,0,11809474.0,0,2017,11,2017-11-01,2017-11-01,2017-12-31,2018-03-01
TX,total,120375,0,11957724.0,0,2018,1,2018-01-01,2018-01-01,2018-02-28,2018-03-01
TX,total,118600,1,11957724.0,0,2018,3,2018-03-01,2018-03-01,2018-04-30,2018-03-01
TX,total,123999,1,11957724.0,0,2018,5,2018-05-01,2018-05-01,2018-06-30,2018-03-01
TX,total,133804,1,11957724.0,0,2018,7,2018-07-01,2018-07-01,2018-08-31,2018-03-01
TX,total,131886,1,11957724.0,0,2018,9,2018-09-01,2018-09-01,2018-10-31,2018-03-01
TX,total,125387,1,11957724.0,0,2018,11,2018-11-01,2018-11-01,2018-12-31,2018-03-01
TX,total,118457,1,12073230.0,0,2019,1,2019-01-01,2019-01-01,2019-02-28,2018-03-01
UT,total,15047,0,1325210.0,0,2016,1,2016-01-01,2016-01-01,2016-02-29,2018-03-01
UT,total,17146,0,1325210.0,0,2016,3,2016-03-01,2016-03-01,2016-04-30,2018-03-01
UT,total,17483,0,1325210.0,0,2016,5,2016-05-01,2016-05-01,2016-06-30,2018-03-01
UT,total,17978,0,1325210.0,0,2016,7,2016-07-01,2016-07-01,2016-08-31,2018-03-01
UT,total,16674,0,1325210.0,0,2016,9,2016-09-01,2016-09-01,2016-10-31,2018-03-01
UT,total,15165,0,1325210.0,0,2016,11,2016-11-01,2016-11-01,2016-12-31,2018-03-01
UT,total,14617,0,1356310.0,0,2017,1,2017-01-01,2017-01-01,2017-02-28,2018-03-01
UT,total,16222,0,1356310.0,0,2017,3,2017-03-01,2017-03-01,2017-04-30,2018-03-01
UT,total,17332,0,1356310.0,0,2017,5,2017-05-01,2017-05-01,2017-06-30,2018-03-01
UT,total,17341,0,1356310.0,0,2017,7,2017-07-01,2017-07-01,2017-08-31,2018-03-01
UT,total,15968,0,1356310.0,0,2017,9,2017-09-01,2017-09-01,2017-10-31,2018-03-01
UT,total,14961,0,1356310.0,0,2017,11,2017-11-01,2017-11-01,2017-12-31,2018-03-01
UT,total,14345,0,1381760.0,0,2018,1,2018-01-01,2018-01-01,2018-02-28,2018-03-01
UT,total,15565,0,1381760.0,0,2018,3,2018-03-01,2018-03-01,2018-04-30,2018-03-01
UT,total,16126,0,1381760.0,0,2018,5,2018-05-01,2018-05-01,2018-06-30,2018-03-01
UT,total,16856,0,1381760.0,0,2018,7,2018-07-01,2018-07-01,2018-08-31,2018-03-01
UT,total,15778,0,1381760.0,0,2018,9,2018-09-01,2018-09-01,2018-10-31,2018-03-01
UT,total,14348,0,1381760.0,0,2018,11,2018-11-01,2018-11-01,2018-12-31,2018-03-01
UT,total,14238,0,1412998.0,0,2019,1,2019-01-01,2019-01-01,2019-02-28,2018-03-01
VA,total,32270,0,3353624.0,0,2016,1,2016-01-01,2016-01-01,2016-02-29,2018-03-01
VA,total,33606,0,3353624.0,0,2016,3,2016-03-01,2016-03-01,2016-04-30,2018-03-01
VA,total,34567,0,3353624.0,0,2016,5,2016-05-01,2016-05-01,2016-06-30,2018-03-01
VA,total,36033,0,3353624.0,0,2016,7,2016-07-01,2016-07-01,2016-08-31,2018-03-01
VA,total,34149,0,3353624.0,0,2016,9,2016-09-01,2016-09-01,2016-10-31,2018-03-01
VA,total,32588,0,3353624.0,0,2016,11,2016-11-01,2016-11-01,2016-12-31,2018-03-01
VA,total,30435,0,3389212.0,0,2017,1,2017-01-01,2017-01-01,2017-02-28,2018-03-01
VA,total,31871,0,3389212.0,0,2017,3,2017-03-01,2017-03-01,2017-04-30,2018-03-01
VA,total,33674,0,3389212.0,0,2017,5,2017-05-01,2017-05-01,2017-06-30,2018-03-01
VA,total,35553,0,3389212.0,0,2017,7,2017-07-01,2017-07-01,2017-08-31,2018-03-01
VA,total,35232,0,3389212.0,0,2017,9,2017-09-01,2017-09-01,2017-10-31,2018-03-01
VA,total,32598,0,3389212.0,0,2017,11,2017-11-01,2017-11-01,2017-12-31,2018-03-01
VA,total,31209,0,3388566.0,0,2018,1,2018-01-01,2018-01-01,2018-02-28,2018-03-01
VA,total,32608,0,3388566.0,0,2018,3,2018-03-01,2018-03-01,2018-04-30,2018-03-01
VA,total,33523,0,3388566.0,0,2018,5,2018-05-01,2018-05-01,2018-06-30,2018-03-01
VA,total,35241,0,3388566.0,0,2018,7,2018-07-01,2018-07-01,2018-08-31,2018-03-01
VA,total,34229,0,3388566.0,0,2018,9,2018-09-01,2018-09-01,2018-10-31,2018-03-01
VA,total,31705,0,3388566.0,0,2018,11,2018-11-01,2018-11-01,2018-12-31,2018-03-01
VA,total,30207,0,3360592.0,0,2019,1,2019-01-01,2019-01-01,2019-02-28,2018-03-01
VT,total,1726,0,228538.0,0,2016,1,2016-01-01,2016-01-01,2016-02-29,2018-03-01
VT,total,1876,0,228538.0,0,2016,3,2016-03-01,2016-03-01,2016-04-30,2018-03-01
VT,total,2030,0,228538.0,0,2016,5,2016-05-01,2016-05-01,2016-06-30,2018-03-01
VT,total,2145,0,228538.0,0,2016,7,2016-07-01,2016-07-01,2016-08-31,2018-03-01
VT,total,1876,0,228538.0,0,2016,9,2016-09-01,2016-09-01,2016-10-31,2018-03-01
VT,total,1720,0,228538.0,0,2016,11,2016-11-01,2016-11-01,2016-12-31,2018-03-01
VT,total,1732,0,226048.0,0,2017,1,2017-01-01,2017-01-01,2017-02-28,2018-03-01
VT,total,1861,0,226048.0,0,2017,3,2017-03-01,2017-03-01,2017-04-30,2018-03-01
VT,total,2052,0,226048.0,0,2017,5,2017-05-01,2017-05-01,2017-06-30,2018-03-01
VT,total,1979,0,226048.0,0,2017,7,2017-07-01,2017-07-01,2017-08-31,2018-03-01
VT,total,1906,0,226048.0,0,2017,9,2017-09-01,2017-09-01,2017-10-31,2018-03-01
VT,total,1702,0,226048.0,0,2017,11,2017-11-01,2017-11-01,2017-12-31,2018-03-01
VT,total,1600,0,231212.0,0,2018,1,2018-01-01,2018-01-01,2018-02-28,2018-03-01
VT,total,1796,0,231212.0,0,2018,3,2018-03-01,2018-03-01,2018-04-30,2018-03-01
VT,total,1818,0,231212.0,0,2018,5,2018-05-01,2018-05-01,2018-06-30,2018-03-01
VT,total,2030,0,231212.0,0,2018,7,2018-07-01,2018-07-01,2018-08-31,2018-03-01
VT,total,1829,0,231212.0,0,2018,9,2018-09-01,2018-09-01,2018-10-31,2018-03-01
VT,total,1723,0,231212.0,0,2018,11,2018-11-01,2018-11-01,2018-12-31,2018-03-01
VT,total,1622,0,231068.0,0,2019,1,2019-01-01,2019-01-01,2019-02-28,2018-03-01
WA,total,27783,0,2866924.0,0,2016,1,2016-01-01,2016-01-01,2016-02-29,2018-03-01
WA,total,29350,0,2866924.0,0,2016,3,2016-03-01,2016-03-01,2016-04-30,2018-03-01
WA,total,30992,0,2866924.0,0,2016,5,2016-05-01,2016-05-01,2016-06-30,2018-03-01
WA,total,31604,0,2866924.0,0,2016,7,2016-07-01,2016-07-01,2016-08-31,2018-03-01
WA,total,29955,0,2866924.0,0,2016,9,2016-09-01,2016-09-01,2016-10-31,2018-03-01
WA,total,27753,0,2866924.0,0,2016,11,2016-11-01,2016-11-01,2016-12-31,2018-03-01
WA,total,26763,0,2932890.0,0,2017,1,2017-01-01,2017-01-01,2017-02-28,2018-03-01
WA,total,28386,0,2932890.0,0,2017,3,2017-03-01,2017-03-01,2017-04-30,2018-03-01
WA,total,29641,0,2932890.0,0,2017,5,2017-05-01,2017-05-01,2017-06-30,2018-03-01
WA,total,30314,0,2932890.0,0,2017,7,2017-07-01,2017-07-01,2017-08-31,2018-03-01
WA,total,28684,0,2932890.0,0,2017,9,2017-09-01,2017-09-01,2017-10-31,2018-03-01
WA,total,27321,0,2932890.0,0,2017,11,2017-11-01,2017-11-01,2017-12-31,2018-03-01
WA,total,26349,0,3007886.0,0,2018,1,2018-01-01,2018-01-01,2018-02-28,2018-03-01
WA,total,28108,0,3007886.0,0,2018,3,2018-03-01,2018-03-01,2018-04-30,2018-03-01
WA,total,28705,0,3007886.0,0,2018,5,2018-05-01,2018-05-01,2018-06-30,2018-03-01
WA,total,30463,0,3007886.0,0,2018,7,2018-07-01,2018-07-01,2018-08-31,2018-03-01
WA,total,27925,0,3007886.0,0,2018,9,2018-09-01,2018-09-01,2018-10-31,2018-03-01
WA,total,26553,0,3007886.0,0,2018,11,2018-11-01,2018-11-01,2018-12-31,2018-03-01
WA,total,25745,0,3042568.0,0,2019,1,2019-01-01,2019-01-01,2019-02-28,2018-03-01
WI,total,20482,0,2164586.0,1,2016,1,2016-01-01,2016-01-01,2016-02-29,2018-03-01
WI,total,22291,0,2164586.0,1,2016,3,2016-03-01,2016-03-01,2016-04-30,2018-03-01
WI,total,22687,0,2164586.0,1,2016,5,2016-05-01,2016-05-01,2016-06-30,2018-03-01
WI,total,23771,0,2164586.0,1,2016,7,2016-07-01,2016-07-01,2016-08-31,2018-03-01
WI,total,22646,0,2164586.0,1,2016,9,2016-09-01,2016-09-01,2016-10-31,2018-03-01
WI,total,20832,0,2164586.0,1,2016,11,2016-11-01,2016-11-01,2016-12-31,2018-03-01
WI,total,19946,0,2166312.0,1,2017,1,2017-01-01,2017-01-01,2017-02-28,2018-03-01
WI,total,21722,0,2166312.0,1,2017,3,2017-03-01,2017-03-01,2017-04-30,2018-03-01
WI,total,22355,0,2166312.0,1,2017,5,2017-05-01,2017-05-01,2017-06-30,2018-03-01
WI,total,23101,0,2166312.0,1,2017,7,2017-07-01,2017-07-01,2017-08-31,2018-03-01
WI,total,21515,0,2166312.0,1,2017,9,2017-09-01,2017-09-01,2017-10-31,2018-03-01
WI,total,20718,0,2166312.0,1,2017,11,2017-11-01,2017-11-01,2017-12-31,2018-03-01
WI,total,19686,0,2182002.0,1,2018,1,2018-01-01,2018-01-01,2018-02-28,2018-03-01
WI,total,21316,1,2182002.0,1,2018,3,2018-03-01,2018-03-01,2018-04-30,2018-03-01
WI,total,21918,1,2182002.0,1,2018,5,2018-05-01,2018-05-01,2018-06-30,2018-03-01
WI,total,22972,1,2182002.0,1,2018,7,2018-07-01,2018-07-01,2018-08-31,2018-03-01
WI,total,21443,1,2182002.0,1,2018,9,2018-09-01,2018-09-01,2018-10-31,2018-03-01
WI,total,20311,1,2182002.0,1,2018,11,2018-11-01,2018-11-01,2018-12-31,2018-03-01
WI,total,19538,1,2194628.0,1,2019,1,2019-01-01,2019-01-01,2019-02-28,2018-03-01
WV,total,5986,0,653756.0,1,2016,1,2016-01-01,2016-01-01,2016-02-29,2018-03-01
WV,total,6128,0,653756.0,1,2016,3,2016-03-01,2016-03-01,2016-04-30,2018-03-01
WV,total,6201,0,653756.0,1,2016,5,2016-05-01,2016-05-01,2016-06-30,2018-03-01
WV,total,6871,0,653756.0,1,2016,7,2016-07-01,2016-07-01,2016-08-31,2018-03-01
WV,total,6436,0,653756.0,1,2016,9,2016-09-01,2016-09-01,2016-10-31,2018-03-01
WV,total,6212,0,653756.0,1,2016,11,2016-11-01,2016-11-01,2016-12-31,2018-03-01
WV,total,5972,0,650636.0,1,2017,1,2017-01-01,2017-01-01,2017-02-28,2018-03-01
WV,total,5847,0,650636.0,1,2017,3,2017-03-01,2017-03-01,2017-04-30,2018-03-01
WV,total,6253,0,650636.0,1,2017,5,2017-05-01,2017-05-01,2017-06-30,2018-03-01
WV,total,6745,0,650636.0,1,2017,7,2017-07-01,2017-07-01,2017-08-31,2018-03-01
WV,total,6225,0,650636.0,1,2017,9,2017-09-01,2017-09-01,2017-10-31,2018-03-01
WV,total,6006,0,650636.0,1,2017,11,2017-11-01,2017-11-01,2017-12-31,2018-03-01
WV,total,5935,0,639708.0,1,2018,1,2018-01-01,2018-01-01,2018-02-28,2018-03-01
WV,total,5802,1,639708.0,1,2018,3,2018-03-01,2018-03-01,2018-04-30,2018-03-01
WV,total,6228,1,639708.0,1,2018,5,2018-05-01,2018-05-01,2018-06-30,2018-03-01
WV,total,6504,1,639708.0,1,2018,7,2018-07-01,2018-07-01,2018-08-31,2018-03-01
WV,total,6037,1,639708.0,1,2018,9,2018-09-01,2018-09-01,2018-10-31,2018-03-01
WV,total,5731,1,639708.0,1,2018,11,2018-11-01,2018-11-01,2018-12-31,2018-03-01
WV,total,5508,1,636166.0,1,2019,1,2019-01-01,2019-01-01,2019-02-28,2018-03-01
WY,total,2328,0,220820.0,0,2016,1,2016-01-01,2016-01-01,2016-02-29,2018-03-01
WY,total,2604,0,220820.0,0,2016,3,2016-03-01,2016-03-01,2016-04-30,2018-03-01
WY,total,2626,0,220820.0,0,2016,5,2016-05-01,2016-05-01,2016-06-30,2018-03-01
WY,total,2488,0,220820.0,0,2016,7,2016-07-01,2016-07-01,2016-08-31,2018-03-01
WY,total,2385,0,220820.0,0,2016,9,2016-09-01,2016-09-01,2016-10-31,2018-03-01
WY,total,2154,0,220820.0,0,2016,11,2016-11-01,2016-11-01,2016-12-31,2018-03-01
WY,total,2109,0,214366.0,0,2017,1,2017-01-01,2017-01-01,2017-02-28,2018-03-01
WY,total,2302,0,214366.0,0,2017,3,2017-03-01,2017-03-01,2017-04-30,2018-03-01
WY,total,2480,0,214366.0,0,2017,5,2017-05-01,2017-05-01,2017-06-30,2018-03-01
WY,total,2395,0,214366.0,0,2017,7,2017-07-01,2017-07-01,2017-08-31,2018-03-01
WY,total,2189,0,214366.0,0,2017,9,2017-09-01,2017-09-01,2017-10-31,2018-03-01
WY,total,2186,0,214366.0,0,2017,11,2017-11-01,2017-11-01,2017-12-31,2018-03-01
WY,total,2138,0,212868.0,0,2018,1,2018-01-01,2018-01-01,2018-02-28,2018-03-01
WY,total,2200,0,212868.0,0,2018,3,2018-03-01,2018-03-01,2018-04-30,2018-03-01
WY,total,2277,0,212868.0,0,2018,5,2018-05-01,2018-05-01,2018-06-30,2018-03-01
WY,total,2135,0,212868.0,0,2018,7,2018-07-01,2018-07-01,2018-08-31,2018-03-01
WY,total,2129,0,212868.0,0,2018,9,2018-09-01,2018-09-01,2018-10-31,2018-03-01
WY,total,2065,0,212868.0,0,2018,11,2018-11-01,2018-11-01,2018-12-31,2018-03-01
WY,total,2087,0,214416.0,0,2019,1,2019-01-01,2019-01-01,2019-02-28,2018-03-01
